{
"lengthUnit": "mil",
"remark": ["fly_line"],
"components": {
	"fields": ["COMPONENT_NO", "COMPONENT_NAME", "LAYER", "X_COORDINATE", "Y_COORDINATE", "ANGLE"],
	"rows": [
		[1, "C1", "B", 1025, 35, 180],
		[2, "C2", "B", 1025, 125, 180],
		[3, "C3", "T", -15, 1143, 180],
		[4, "C4", "B", 720, -60, 180],
		[5, "C5", "B", 1025, 415, 0],
		[6, "C6", "T", -15, 1257, 180],
		[7, "C7", "B", 1025, 220, 180],
		[8, "C8", "B", 1025, 315, 180],
		[9, "C9", "B", 730, 745, 0],
		[10, "C10", "B", 990, 575, 180],
		[11, "C11", "B", 720, -170, 180],
		[12, "C12", "T", 1110, 910, 90],
		[13, "C13", "B", 1110, 910, 90],
		[14, "C14", "T", -15, 1029, 180],
		[15, "C15", "B", 375, 530, 270],
		[16, "C16", "B", 540, 400, 180],
		[17, "C17", "B", 795, 570, 270],
		[18, "C18", "B", 580, 1150, 90],
		[19, "C20", "T", -15, 1371, 0],
		[20, "C21", "T", -15, 1485, 0],
		[21, "C22", "T", 900, 1500, 90],
		[22, "C23", "T", -15, 915, 0],
		[23, "Q1", "B", 1080, 1300, 270],
		[24, "Q3", "B", 945.246, 1300.246, 270],
		[25, "Q5", "T", 1050, 1435, 180],
		[26, "Q6", "B", 945, 1445, 90],
		[27, "Q7", "B", 1080, 1445, 90],
		[28, "R1", "B", 875, -115, 90],
		[29, "R2", "B", 720, 45, 180],
		[30, "R3", "B", 350, 175, 180],
		[31, "R4", "B", 350, 285, 180],
		[32, "R5", "B", 745, 1315, 270],
		[33, "R6", "T", -10, 419.8, 180],
		[34, "R7", "T", -10, 233.3448, 0],
		[35, "R8", "T", -10, 139.1724, 0],
		[36, "R9", "T", -10, 45, 0],
		[37, "R10", "T", -10, 327.5172, 180],
		[38, "R13", "B", 455, 670, 180],
		[39, "R14", "B", 455, 725, 180],
		[40, "R15", "B", 550, 725, 180],
		[41, "R16", "T", 900, 1325, 90],
		[42, "R17", "B", 363.984, 725.8834, 180],
		[43, "R18", "T", 1535, 825, 0],
		[44, "R19", "T", 1535, 945, 0],
		[45, "R20", "T", 1535, 1070, 0],
		[46, "R21", "T", 1535, 700, 180],
		[47, "R23", "T", 1095, 1210, 270],
		[48, "R24", "B", 365, 670, 180],
		[49, "R25", "T", -9.693, 513.9724, 0],
		[50, "SW3", "T", 670, -140, 270],
		[51, "SW4", "T", 845, -140, 90],
		[52, "SW5", "B", 1540, 1360, 180],
		[53, "SW6", "B", 1539.6061, 1055, 180],
		[54, "SW7", "B", 1539.6061, 750, 180],
		[55, "SW8", "B", 1540, 445, 180],
		[56, "TF1", "T", 495, 1415, 270],
		[57, "U1", "B", 700, 230, 180],
		[58, "U2", "T", 685, 375, 0],
		[59, "U3", "T", 1105, 1065, 0],
		[60, "U4", "B", 605, 565, 180],
		[61, "U5", "B", 910, 715, 270],
		[62, "U6", "B", 415, 1140, 270],
		[63, "U9", "B", 70, 670, 0],
		[64, "U10", "T", 3175, 1035, 0],
		[65, "U11", "T", 425, -170, 0],
		[66, "U12", "T", 210, -130, 0],
		[67, "PAD1", "T", 1475, 295, 0],
		[68, "PAD1", "B", 1475, 295, 0],
		[69, "PAD2", "T", 1540, 295, 0],
		[70, "PAD2", "B", 1540, 295, 0],
		[71, "PAD3", "T", 1605, 295, 0],
		[72, "PAD3", "B", 1605, 295, 0],
		[73, "PAD4", "T", 1130, 155, 0],
		[74, "PAD4", "B", 1130, 155, 0],
		[75, "PAD5", "T", 1130, 90, 0],
		[76, "PAD5", "B", 1130, 90, 0],
		[77, "PAD6", "T", 1130, 25, 0],
		[78, "PAD6", "B", 1130, 25, 0],
		[79, "PAD7", "B", 745, 1130, 0],
		[80, "PAD8", "B", 745, 1491.864, 0],
		[81, "PAD9", "B", 1029.37, 575, 0],
		[82, "PAD10", "B", 950.63, 575, 0],
		[83, "PAD11", "B", 1117.4, 1260.63, 0],
		[84, "PAD12", "B", 1042.6, 1260.63, 0],
		[85, "PAD13", "B", 1080, 1339.37, 0],
		[86, "PAD14", "B", 982.646, 1260.876, 0],
		[87, "PAD15", "B", 907.846, 1260.876, 0],
		[88, "PAD16", "B", 945.246, 1339.616, 0],
		[89, "PAD17", "B", 875, -75.63, 0],
		[90, "PAD18", "B", 875, -154.37, 0],
		[91, "PAD19", "B", 680.63, 45, 0],
		[92, "PAD20", "B", 759.37, 45, 0],
		[93, "PAD21", "B", 310.63, 175, 0],
		[94, "PAD22", "B", 389.37, 175, 0],
		[95, "PAD23", "B", 310.63, 285, 0],
		[96, "PAD24", "B", 389.37, 285, 0],
		[97, "PAD25", "T", -49.37, 419.8, 0],
		[98, "PAD26", "T", 29.37, 419.8, 0],
		[99, "PAD27", "T", 29.37, 233.3448, 0],
		[100, "PAD28", "T", -49.37, 233.3448, 0],
		[101, "PAD29", "T", 29.37, 139.1724, 0],
		[102, "PAD30", "T", -49.37, 139.1724, 0],
		[103, "PAD31", "T", 29.37, 45, 0],
		[104, "PAD32", "T", -49.37, 45, 0],
		[105, "PAD33", "T", -49.37, 327.5172, 0],
		[106, "PAD34", "T", 29.37, 327.5172, 0],
		[107, "PAD35", "B", 581.89, 155, 0],
		[108, "PAD36", "B", 581.89, 205, 0],
		[109, "PAD37", "B", 581.89, 255, 0],
		[110, "PAD38", "B", 581.89, 305, 0],
		[111, "PAD39", "B", 818.11, 155, 0],
		[112, "PAD40", "B", 818.11, 205, 0],
		[113, "PAD41", "B", 818.11, 255, 0],
		[114, "PAD42", "B", 818.11, 305, 0],
		[115, "PAD43", "B", 700, 230, 0],
		[116, "PAD44", "T", 460, 20.47, 0],
		[117, "PAD45", "T", 510, 20.47, 0],
		[118, "PAD46", "T", 560, 20.47, 0],
		[119, "PAD47", "T", 610, 20.47, 0],
		[120, "PAD48", "T", 660, 20.47, 0],
		[121, "PAD49", "T", 710, 20.47, 0],
		[122, "PAD50", "T", 760, 20.47, 0],
		[123, "PAD51", "T", 810, 20.47, 0],
		[124, "PAD52", "T", 860, 20.47, 0],
		[125, "PAD53", "T", 910, 20.47, 0],
		[126, "PAD54", "T", 330.67, 91.53, 0],
		[127, "PAD55", "T", 625.94, 437.99, 0],
		[128, "PAD56", "T", 330.67, 141.53, 0],
		[129, "PAD57", "T", 330.67, 191.53, 0],
		[130, "PAD58", "T", 330.67, 241.53, 0],
		[131, "PAD59", "T", 330.67, 291.53, 0],
		[132, "PAD60", "T", 330.67, 341.53, 0],
		[133, "PAD61", "T", 330.67, 391.53, 0],
		[134, "PAD62", "T", 330.67, 441.53, 0],
		[135, "PAD63", "T", 330.67, 491.53, 0],
		[136, "PAD64", "T", 330.67, 541.53, 0],
		[137, "PAD65", "T", 330.67, 591.53, 0],
		[138, "PAD66", "T", 330.67, 641.53, 0],
		[139, "PAD67", "T", 330.67, 691.53, 0],
		[140, "PAD68", "T", 330.67, 741.53, 0],
		[141, "PAD69", "T", 410, 20.47, 0],
		[142, "PAD70", "T", 960, 20.47, 0],
		[143, "PAD71", "T", 1043.27, 91.53, 0],
		[144, "PAD72", "T", 1043.27, 141.53, 0],
		[145, "PAD73", "T", 1043.27, 191.53, 0],
		[146, "PAD74", "T", 1043.27, 241.53, 0],
		[147, "PAD75", "T", 1043.27, 291.53, 0],
		[148, "PAD76", "T", 1043.27, 341.53, 0],
		[149, "PAD77", "T", 1043.27, 391.53, 0],
		[150, "PAD78", "T", 1043.27, 441.53, 0],
		[151, "PAD79", "T", 1043.27, 491.53, 0],
		[152, "PAD80", "T", 1043.27, 541.53, 0],
		[153, "PAD81", "T", 1043.27, 591.53, 0],
		[154, "PAD82", "T", 1043.27, 641.53, 0],
		[155, "PAD83", "T", 1043.27, 691.53, 0],
		[156, "PAD84", "T", 1043.27, 741.53, 0],
		[157, "PAD85", "T", 1139.22, 1084.68, 0],
		[158, "PAD86", "T", 1139.22, 1065, 0],
		[159, "PAD87", "T", 1139.22, 1045.31, 0],
		[160, "PAD88", "T", 1114.84, 1030.7, 0],
		[161, "PAD89", "T", 1095.16, 1030.7, 0],
		[162, "PAD90", "T", 1070.78, 1045.31, 0],
		[163, "PAD91", "T", 1070.78, 1065, 0],
		[164, "PAD92", "T", 1070.78, 1084.68, 0],
		[165, "PAD93", "T", 1095.16, 1099.3, 0],
		[166, "PAD94", "T", 1114.84, 1099.3, 0],
		[167, "PAD95", "B", 654.21, 486.26, 0],
		[168, "PAD96", "B", 526.26, 535.47, 0],
		[169, "PAD97", "B", 526.26, 555.16, 0],
		[170, "PAD98", "B", 526.26, 574.84, 0],
		[171, "PAD99", "B", 526.26, 594.53, 0],
		[172, "PAD100", "B", 526.26, 614.21, 0],
		[173, "PAD101", "B", 555.79, 643.74, 0],
		[174, "PAD102", "B", 654.21, 643.74, 0],
		[175, "PAD103", "B", 683.74, 594.53, 0],
		[176, "PAD104", "B", 683.74, 535.47, 0],
		[177, "PAD105", "B", 683.74, 515.79, 0],
		[178, "PAD106", "B", 910, 671.69, 0],
		[179, "PAD107", "B", 872.6, 671.69, 0],
		[180, "PAD108", "B", 947.4, 671.69, 0],
		[181, "PAD109", "B", 947.4, 758.31, 0],
		[182, "PAD110", "B", 507.52, 1179.37, 0],
		[183, "PAD111", "B", 507.52, 1159.69, 0],
		[184, "PAD112", "B", 507.52, 1120.32, 0],
		[185, "PAD113", "B", 507.52, 1100.63, 0],
		[186, "PAD114", "B", 322.48, 1100.64, 0],
		[187, "PAD115", "B", 322.48, 1120.32, 0],
		[188, "PAD116", "B", 322.48, 1140, 0],
		[189, "PAD117", "B", 322.48, 1159.69, 0],
		[190, "PAD118", "B", 322.48, 1179.38, 0],
		[191, "PAD119", "B", 438.3, 670.002, 0],
		[192, "PAD120", "B", 471.7, 670.002, 0],
		[193, "PAD121", "B", 985.63, 125, 0],
		[194, "PAD122", "B", 1064.37, 125, 0],
		[195, "PAD123", "T", -54.37, 1143, 0],
		[196, "PAD124", "T", 24.37, 1143, 0],
		[197, "PAD125", "B", 680.63, -60, 0],
		[198, "PAD126", "B", 759.37, -60, 0],
		[199, "PAD127", "B", 1064.37, 415, 0],
		[200, "PAD128", "B", 985.63, 415, 0],
		[201, "PAD129", "T", -54.37, 1257, 0],
		[202, "PAD130", "T", 24.37, 1257, 0],
		[203, "PAD131", "B", 985.63, 220, 0],
		[204, "PAD132", "B", 1064.37, 220, 0],
		[205, "PAD133", "B", 985.63, 315, 0],
		[206, "PAD134", "B", 1064.37, 315, 0],
		[207, "PAD135", "B", 769.37, 745, 0],
		[208, "PAD136", "B", 690.63, 745, 0],
		[209, "PAD137", "B", 985.63, 35, 0],
		[210, "PAD138", "B", 1064.37, 35, 0],
		[211, "PAD139", "T", 724.13, -199.055, 0],
		[212, "PAD140", "T", 615.87, -199.055, 0],
		[213, "PAD141", "T", 724.13, -80.945, 0],
		[214, "PAD142", "T", 615.87, -80.945, 0],
		[215, "PAD143", "T", 790.87, -80.945, 0],
		[216, "PAD144", "T", 899.13, -80.945, 0],
		[217, "PAD145", "T", 790.87, -199.055, 0],
		[218, "PAD146", "T", 899.13, -199.055, 0],
		[219, "PAD147", "T", 1110, 870.63, 0],
		[220, "PAD148", "T", 1110, 949.37, 0],
		[221, "PAD149", "B", 1110, 870.63, 0],
		[222, "PAD150", "B", 1110, 949.37, 0],
		[223, "PAD151", "T", -54.37, 1029, 0],
		[224, "PAD152", "T", 24.37, 1029, 0],
		[225, "PAD153", "B", 375, 490.63, 0],
		[226, "PAD154", "B", 375, 569.37, 0],
		[227, "PAD155", "B", 500.63, 400, 0],
		[228, "PAD156", "B", 579.37, 400, 0],
		[229, "PAD157", "B", 795, 530.63, 0],
		[230, "PAD158", "B", 580, 1189.37, 0],
		[231, "PAD159", "B", 580, 1110.63, 0],
		[232, "PAD160", "B", 680.63, -170, 0],
		[233, "PAD161", "B", 759.37, -170, 0],
		[234, "PAD162", "T", 24.37, 1371, 0],
		[235, "PAD163", "T", -54.37, 1371, 0],
		[236, "PAD164", "T", 24.37, 1485, 0],
		[237, "PAD165", "T", -54.37, 1485, 0],
		[238, "PAD166", "B", 438.3, 725.002, 0],
		[239, "PAD167", "B", 471.7, 725.002, 0],
		[240, "PAD168", "B", 533.3, 725.002, 0],
		[241, "PAD169", "B", 566.7, 725.002, 0],
		[242, "PAD170", "T", 3122, 1090, 0],
		[243, "PAD170", "B", 3122, 1090, 0],
		[244, "PAD171", "T", 3175, 1090, 0],
		[245, "PAD171", "B", 3175, 1090, 0],
		[246, "PAD172", "T", 3228, 1090, 0],
		[247, "PAD172", "B", 3228, 1090, 0],
		[248, "PAD173", "T", 900, 1364.37, 0],
		[249, "PAD174", "T", 900, 1285.63, 0],
		[250, "PAD175", "T", 900, 1539.37, 0],
		[251, "PAD176", "T", 900, 1460.63, 0],
		[252, "PAD177", "B", 745, 1194.28, 0],
		[253, "PAD178", "B", 745, 1435.72, 0],
		[254, "PAD179", "T", 433.975, 1332.33, 0],
		[255, "PAD180", "T", 433.975, 1375.63, 0],
		[256, "PAD181", "T", 433.975, 1418.94, 0],
		[257, "PAD182", "T", 433.975, 1462.25, 0],
		[258, "PAD183", "T", 433.975, 1505.56, 0],
		[259, "PAD184", "T", 433.975, 1548.86, 0],
		[260, "PAD185", "T", 658.385, 1685.67, 0],
		[261, "PAD186", "T", 331.615, 1685.67, 0],
		[262, "PAD187", "T", 331.615, 1144.34, 0],
		[263, "PAD188", "T", 658.385, 1144.33, 0],
		[264, "PAD189", "B", 347.284, 725.8854, 0],
		[265, "PAD190", "B", 380.684, 725.8854, 0],
		[266, "PAD191", "T", 1090.75, 1435, 0],
		[267, "PAD192", "T", 1009.25, 1397.6, 0],
		[268, "PAD193", "T", 1009.25, 1472.4, 0],
		[269, "PAD194", "T", 1095, 1170.63, 0],
		[270, "PAD195", "T", 1095, 1249.37, 0],
		[271, "PAD196", "B", 348.3, 670.002, 0],
		[272, "PAD197", "B", 381.7, 670.002, 0],
		[273, "PAD198", "T", 360, -160, 0],
		[274, "PAD198", "B", 360, -160, 0],
		[275, "PAD199", "T", 415, -160, 0],
		[276, "PAD199", "B", 415, -160, 0],
		[277, "PAD200", "T", 470, -160, 0],
		[278, "PAD200", "B", 470, -160, 0],
		[279, "PAD201", "T", 525, -160, 0],
		[280, "PAD201", "B", 525, -160, 0],
		[281, "PAD202", "T", 525, -95, 0],
		[282, "PAD202", "B", 525, -95, 0],
		[283, "PAD203", "T", 470, -95, 0],
		[284, "PAD203", "B", 470, -95, 0],
		[285, "PAD204", "T", 415, -95, 0],
		[286, "PAD204", "B", 415, -95, 0],
		[287, "PAD205", "T", 360, -95, 0],
		[288, "PAD205", "B", 360, -95, 0],
		[289, "PAD206", "T", 1574.37, 825, 0],
		[290, "PAD207", "T", 1495.63, 825, 0],
		[291, "PAD208", "T", 1574.37, 945, 0],
		[292, "PAD209", "T", 1495.63, 945, 0],
		[293, "PAD210", "T", 1574.37, 1070, 0],
		[294, "PAD211", "T", 1495.63, 1070, 0],
		[295, "PAD212", "T", 1495.63, 700, 0],
		[296, "PAD213", "T", 1574.37, 700, 0],
		[297, "PAD214", "B", 1480.945, 1414.13, 0],
		[298, "PAD215", "B", 1480.945, 1305.87, 0],
		[299, "PAD216", "B", 1599.055, 1414.13, 0],
		[300, "PAD217", "B", 1599.055, 1305.87, 0],
		[301, "PAD218", "B", 1480.5511, 1109.13, 0],
		[302, "PAD219", "B", 1480.5511, 1000.87, 0],
		[303, "PAD220", "B", 1598.6611, 1109.13, 0],
		[304, "PAD221", "B", 1598.6611, 1000.87, 0],
		[305, "PAD222", "B", 1480.5511, 804.13, 0],
		[306, "PAD223", "B", 1480.5511, 695.87, 0],
		[307, "PAD224", "B", 1598.6611, 804.13, 0],
		[308, "PAD225", "B", 1598.6611, 695.87, 0],
		[309, "PAD226", "B", 1480.945, 499.13, 0],
		[310, "PAD227", "B", 1480.945, 390.87, 0],
		[311, "PAD228", "B", 1599.055, 499.13, 0],
		[312, "PAD229", "B", 1599.055, 390.87, 0],
		[313, "PAD230", "T", 24.37, 915, 0],
		[314, "PAD231", "T", -54.37, 915, 0],
		[315, "PAD232", "B", 907.6, 1484.37, 0],
		[316, "PAD233", "B", 982.4, 1484.37, 0],
		[317, "PAD234", "B", 945, 1405.63, 0],
		[318, "PAD235", "B", 1042.6, 1484.37, 0],
		[319, "PAD236", "B", 1117.4, 1484.37, 0],
		[320, "PAD237", "B", 1080, 1405.63, 0],
		[321, "PAD238", "T", 29.677, 513.9724, 0],
		[322, "PAD239", "T", -49.063, 513.9724, 0],
		[323, "PAD240", "T", 182.7638, -106.9764, 0],
		[324, "PAD240", "B", 182.7638, -106.9764, 0],
		[325, "PAD241", "T", 237.7638, -106.9764, 0],
		[326, "PAD241", "B", 237.7638, -106.9764, 0],
		[327, "PAD242", "T", 292.7638, -106.9764, 0],
		[328, "PAD242", "B", 292.7638, -106.9764, 0],
		[329, "PAD243", "T", 127.7638, -106.9764, 0],
		[330, "PAD243", "B", 127.7638, -106.9764, 0],
		[331, "PAD244", "T", 120, 45, 0],
		[332, "PAD244", "B", 120, 45, 0],
		[333, "PAD245", "T", 120, 94.1379, 0],
		[334, "PAD245", "B", 120, 94.1379, 0],
		[335, "PAD246", "T", 120, 143.2759, 0],
		[336, "PAD246", "B", 120, 143.2759, 0],
		[337, "PAD247", "T", 120, 192.4138, 0],
		[338, "PAD247", "B", 120, 192.4138, 0],
		[339, "PAD248", "T", 120, 241.5517, 0],
		[340, "PAD248", "B", 120, 241.5517, 0],
		[341, "PAD249", "T", 120, 290.6897, 0],
		[342, "PAD249", "B", 120, 290.6897, 0],
		[343, "PAD250", "T", 120, 339.8276, 0],
		[344, "PAD250", "B", 120, 339.8276, 0],
		[345, "PAD251", "T", 120, 388.9655, 0],
		[346, "PAD251", "B", 120, 388.9655, 0],
		[347, "PAD252", "T", 120, 438.1034, 0],
		[348, "PAD252", "B", 120, 438.1034, 0],
		[349, "PAD253", "T", 120, 487.2414, 0],
		[350, "PAD253", "B", 120, 487.2414, 0],
		[351, "PAD254", "T", 120, 536.3793, 0],
		[352, "PAD254", "B", 120, 536.3793, 0],
		[353, "PAD255", "T", 120, 585.5172, 0],
		[354, "PAD255", "B", 120, 585.5172, 0],
		[355, "PAD256", "T", 120, 634.6552, 0],
		[356, "PAD256", "B", 120, 634.6552, 0],
		[357, "PAD257", "T", 120, 683.7931, 0],
		[358, "PAD257", "B", 120, 683.7931, 0],
		[359, "PAD258", "T", 120, 732.931, 0],
		[360, "PAD258", "B", 120, 732.931, 0],
		[361, "PAD259", "T", 120, 782.069, 0],
		[362, "PAD259", "B", 120, 782.069, 0],
		[363, "PAD260", "T", 120, 831.2069, 0],
		[364, "PAD260", "B", 120, 831.2069, 0],
		[365, "PAD261", "T", 120, 880.3448, 0],
		[366, "PAD261", "B", 120, 880.3448, 0],
		[367, "PAD262", "T", 120, 929.4828, 0],
		[368, "PAD262", "B", 120, 929.4828, 0],
		[369, "PAD263", "T", 120, 1027.7586, 0],
		[370, "PAD263", "B", 120, 1027.7586, 0],
		[371, "PAD264", "T", 120, 1076.8966, 0],
		[372, "PAD264", "B", 120, 1076.8966, 0],
		[373, "PAD265", "T", 120, 1126.0345, 0],
		[374, "PAD265", "B", 120, 1126.0345, 0],
		[375, "PAD266", "T", 120, 1175.1724, 0],
		[376, "PAD266", "B", 120, 1175.1724, 0],
		[377, "PAD267", "T", 120, 1224.3103, 0],
		[378, "PAD267", "B", 120, 1224.3103, 0],
		[379, "PAD268", "T", 120, 1273.4483, 0],
		[380, "PAD268", "B", 120, 1273.4483, 0],
		[381, "PAD269", "T", 120, 1322.5862, 0],
		[382, "PAD269", "B", 120, 1322.5862, 0],
		[383, "PAD270", "T", 120, 1371.7241, 0],
		[384, "PAD270", "B", 120, 1371.7241, 0],
		[385, "PAD271", "T", 120, 1420.8621, 0],
		[386, "PAD271", "B", 120, 1420.8621, 0],
		[387, "PAD272", "T", 120, 1470, 0],
		[388, "PAD272", "B", 120, 1470, 0],
		[389, "TPJLC", "T", 1465, 230, 0]
	]
},
"pins": {
	"fields": ["PIN_NO", "PIN_NAME", "PIN_X", "PIN_Y", "LAYER", "PIN_TYPE", "NET_NAME", "NET_TYPE", "PAD_SHAPE", "PAD_SIZEX", "PAD_SIZEY", "HOLE_SIZE", "HOLE_LEN", "PAD_ANGLE"],
	"rows": [
		[1, "C1_1", 1064.37, 35, "B", "SMD", "GND", "GND", "R", 55.512, 53.15, 0, 0, 180],
		[2, "C1_2", 985.63, 35, "B", "SMD", "3V3", "", "R", 55.512, 53.15, 0, 0, 180],
		[3, "C2_1", 1064.37, 125, "B", "SMD", "GND", "GND", "R", 55.512, 53.15, 0, 0, 180],
		[4, "C2_2", 985.63, 125, "B", "SMD", "3V3", "", "R", 55.512, 53.15, 0, 0, 180],
		[5, "C3_1", 24.37, 1143, "T", "SMD", "GPIO0", "", "R", 55.512, 53.15, 0, 0, 180],
		[6, "C3_2", -54.37, 1143, "T", "SMD", "GND", "GND", "R", 55.512, 53.15, 0, 0, 180],
		[7, "C4_1", 759.37, -60, "B", "SMD", "USB_5V", "", "R", 55.512, 53.15, 0, 0, 180],
		[8, "C4_2", 680.63, -60, "B", "SMD", "GND", "GND", "R", 55.512, 53.15, 0, 0, 180],
		[9, "C5_1", 985.63, 415, "B", "SMD", "CHIP_PU", "", "R", 55.512, 53.15, 0, 0, 0],
		[10, "C5_2", 1064.37, 415, "B", "SMD", "GND", "GND", "R", 55.512, 53.15, 0, 0, 0],
		[11, "C6_1", 24.37, 1257, "T", "SMD", "CHIP_PU", "", "R", 55.512, 53.15, 0, 0, 180],
		[12, "C6_2", -54.37, 1257, "T", "SMD", "GND", "GND", "R", 55.512, 53.15, 0, 0, 180],
		[13, "C7_1", 1064.37, 220, "B", "SMD", "GND", "GND", "R", 55.512, 53.15, 0, 0, 180],
		[14, "C7_2", 985.63, 220, "B", "SMD", "3V3", "", "R", 55.512, 53.15, 0, 0, 180],
		[15, "C8_1", 1064.37, 315, "B", "SMD", "GND", "GND", "R", 55.512, 53.15, 0, 0, 180],
		[16, "C8_2", 985.63, 315, "B", "SMD", "3V3", "", "R", 55.512, 53.15, 0, 0, 180],
		[17, "C9_1", 690.63, 745, "B", "SMD", "3V3", "", "R", 55.512, 53.15, 0, 0, 0],
		[18, "C9_2", 769.37, 745, "B", "SMD", "GND", "GND", "R", 55.512, 53.15, 0, 0, 0],
		[19, "C10_1", 1029.37, 575, "B", "SMD", "BAT", "", "R", 39.37, 61.024, 0, 0, 0],
		[20, "C10_2", 950.63, 575, "B", "SMD", "GND", "GND", "R", 39.37, 61.024, 0, 0, 0],
		[21, "C11_1", 759.37, -170, "B", "SMD", "BAT", "", "R", 55.512, 53.15, 0, 0, 180],
		[22, "C11_2", 680.63, -170, "B", "SMD", "GND", "GND", "R", 55.512, 53.15, 0, 0, 180],
		[23, "C12_1", 1110, 870.63, "T", "SMD", "GND", "GND", "R", 39.37, 61.024, 0, 0, 90],
		[24, "C12_2", 1110, 949.37, "T", "SMD", "3V3", "", "R", 39.37, 61.024, 0, 0, 90],
		[25, "C13_1", 1110, 870.63, "B", "SMD", "GND", "GND", "R", 39.37, 61.024, 0, 0, 90],
		[26, "C13_2", 1110, 949.37, "B", "SMD", "3V3", "", "R", 39.37, 61.024, 0, 0, 90],
		[27, "C14_1", 24.37, 1029, "T", "SMD", "$1N6278", "", "R", 55.512, 53.15, 0, 0, 180],
		[28, "C14_2", -54.37, 1029, "T", "SMD", "$1N63", "", "R", 55.512, 53.15, 0, 0, 180],
		[29, "C15_1", 375, 569.37, "B", "SMD", "GND", "GND", "R", 55.512, 53.15, 0, 0, 270],
		[30, "C15_2", 375, 490.63, "B", "SMD", "3V3", "", "R", 55.512, 53.15, 0, 0, 270],
		[31, "C16_1", 579.37, 400, "B", "SMD", "$1N78", "", "R", 55.512, 53.15, 0, 0, 180],
		[32, "C16_2", 500.63, 400, "B", "SMD", "GND", "GND", "R", 55.512, 53.15, 0, 0, 180],
		[33, "C17_1", 795, 609.37, "B", "SMD", "NET_1", "", "R", 55.512, 53.15, 0, 0, 270],
		[34, "C17_2", 795, 530.63, "B", "SMD", "GND", "GND", "R", 55.512, 53.15, 0, 0, 270],
		[35, "C18_1", 580, 1110.63, "B", "SMD", "3V3", "", "R", 55.512, 53.15, 0, 0, 90],
		[36, "C18_2", 580, 1189.37, "B", "SMD", "GND", "GND", "R", 55.512, 53.15, 0, 0, 90],
		[37, "C20_1", -54.37, 1371, "T", "SMD", "GND", "GND", "R", 55.512, 53.15, 0, 0, 0],
		[38, "C20_2", 24.37, 1371, "T", "SMD", "3V3", "", "R", 55.512, 53.15, 0, 0, 0],
		[39, "C21_1", -54.37, 1485, "T", "SMD", "GND", "GND", "R", 55.512, 53.15, 0, 0, 0],
		[40, "C21_2", 24.37, 1485, "T", "SMD", "3V3", "", "R", 55.512, 53.15, 0, 0, 0],
		[41, "C22_1", 900, 1460.63, "T", "SMD", "SDVCC", "", "R", 55.512, 53.15, 0, 0, 90],
		[42, "C22_2", 900, 1539.37, "T", "SMD", "GND", "GND", "R", 55.512, 53.15, 0, 0, 90],
		[43, "C23_1", -54.37, 915, "T", "SMD", "GPIO0", "", "R", 55.512, 53.15, 0, 0, 0],
		[44, "C23_2", 24.37, 915, "T", "SMD", "GND", "GND", "R", 55.512, 53.15, 0, 0, 0],
		[45, "Q1_1", 1117.4, 1260.63, "B", "SMD", "$1N60", "", "R", 49.213, 27.559, 0, 0, 270],
		[46, "Q1_2", 1042.6, 1260.63, "B", "SMD", "GND", "GND", "R", 49.213, 27.559, 0, 0, 270],
		[47, "Q1_3", 1080, 1339.37, "B", "SMD", "DRAIN", "", "R", 49.213, 27.559, 0, 0, 270],
		[48, "Q3_1", 982.646, 1260.876, "B", "SMD", "$1N60", "", "R", 49.213, 27.559, 0, 0, 270],
		[49, "Q3_2", 907.846, 1260.876, "B", "SMD", "GND", "GND", "R", 49.213, 27.559, 0, 0, 270],
		[50, "Q3_3", 945.246, 1339.616, "B", "SMD", "DRAIN", "", "R", 49.213, 27.559, 0, 0, 270],
		[51, "Q5_1", 1009.25, 1472.4, "T", "SMD", "SDGATE", "", "R", 42.126, 23.622, 0, 0, 180],
		[52, "Q5_2", 1009.25, 1397.6, "T", "SMD", "3V3", "", "R", 42.126, 23.622, 0, 0, 180],
		[53, "Q5_3", 1090.75, 1435, "T", "SMD", "SDVCC", "", "R", 42.126, 23.622, 0, 0, 180],
		[54, "Q6_1", 907.6, 1484.37, "B", "SMD", "$1N60", "", "R", 49.213, 27.559, 0, 0, 90],
		[55, "Q6_2", 982.4, 1484.37, "B", "SMD", "GND", "GND", "R", 49.213, 27.559, 0, 0, 90],
		[56, "Q6_3", 945, 1405.63, "B", "SMD", "DRAIN", "", "R", 49.213, 27.559, 0, 0, 90],
		[57, "Q7_1", 1042.6, 1484.37, "B", "SMD", "$1N60", "", "R", 49.213, 27.559, 0, 0, 90],
		[58, "Q7_2", 1117.4, 1484.37, "B", "SMD", "GND", "GND", "R", 49.213, 27.559, 0, 0, 90],
		[59, "Q7_3", 1080, 1405.63, "B", "SMD", "DRAIN", "", "R", 49.213, 27.559, 0, 0, 90],
		[60, "R1_1", 875, -154.37, "B", "SMD", "3V3", "", "R", 44.588, 54.213, 0, 0, 90],
		[61, "R1_2", 875, -75.63, "B", "SMD", "CHIP_PU", "", "R", 44.588, 54.213, 0, 0, 90],
		[62, "R2_1", 759.37, 45, "B", "SMD", "GND", "GND", "R", 44.588, 54.213, 0, 0, 180],
		[63, "R2_2", 680.63, 45, "B", "SMD", "$1N56", "", "R", 44.588, 54.213, 0, 0, 180],
		[64, "R3_1", 389.37, 175, "B", "SMD", "GATE", "", "R", 44.588, 54.213, 0, 0, 180],
		[65, "R3_2", 310.63, 175, "B", "SMD", "$1N60", "", "R", 44.588, 54.213, 0, 0, 180],
		[66, "R4_1", 389.37, 285, "B", "SMD", "GND", "GND", "R", 44.588, 54.213, 0, 0, 180],
		[67, "R4_2", 310.63, 285, "B", "SMD", "$1N60", "", "R", 44.588, 54.213, 0, 0, 180],
		[68, "R5_1", 745, 1435.72, "B", "SMD", "$1N83", "", "R", 50.493, 136.063, 0, 0, 270],
		[69, "R5_2", 745, 1194.28, "B", "SMD", "BAT", "", "R", 50.493, 136.063, 0, 0, 270],
		[70, "R6_1", 29.37, 419.8, "T", "SMD", "BAT", "", "R", 44.588, 54.213, 0, 0, 180],
		[71, "R6_2", -49.37, 419.8, "T", "SMD", "$1N63", "", "R", 44.588, 54.213, 0, 0, 180],
		[72, "R7_1", -49.37, 233.3448, "T", "SMD", "GPIO8_SDA", "", "R", 44.588, 54.213, 0, 0, 0],
		[73, "R7_2", 29.37, 233.3448, "T", "SMD", "3V3", "", "R", 44.588, 54.213, 0, 0, 0],
		[74, "R8_1", -49.37, 139.1724, "T", "SMD", "3V3", "", "R", 44.588, 54.213, 0, 0, 0],
		[75, "R8_2", 29.37, 139.1724, "T", "SMD", "GPIO9_SCL", "", "R", 44.588, 54.213, 0, 0, 0],
		[76, "R9_1", -49.37, 45, "T", "SMD", "$1N73", "", "R", 44.588, 54.213, 0, 0, 0],
		[77, "R9_2", 29.37, 45, "T", "SMD", "3V3", "", "R", 44.588, 54.213, 0, 0, 0],
		[78, "R10_1", 29.37, 327.5172, "T", "SMD", "$1N63", "", "R", 44.588, 54.213, 0, 0, 180],
		[79, "R10_2", -49.37, 327.5172, "T", "SMD", "GND", "GND", "R", 44.588, 54.213, 0, 0, 180],
		[80, "R13_1", 471.7, 670.002, "B", "SMD", "BATVOLTAGE", "", "R", 23.62, 25.59, 0, 0, 180],
		[81, "R13_2", 438.3, 670.002, "B", "SMD", "$1N6278", "", "R", 23.62, 25.59, 0, 0, 180],
		[82, "R14_1", 471.7, 725.002, "B", "SMD", "$1N23852", "", "R", 23.62, 25.59, 0, 0, 180],
		[83, "R14_2", 438.3, 725.002, "B", "SMD", "INTGYRO", "", "R", 23.62, 25.59, 0, 0, 180],
		[84, "R15_1", 566.7, 725.002, "B", "SMD", "$1N14594", "", "R", 23.62, 25.59, 0, 0, 180],
		[85, "R15_2", 533.3, 725.002, "B", "SMD", "INTBAR", "", "R", 23.62, 25.59, 0, 0, 180],
		[86, "R16_1", 900, 1285.63, "T", "SMD", "NET_2", "", "R", 44.588, 54.213, 0, 0, 90],
		[87, "R16_2", 900, 1364.37, "T", "SMD", "3V3", "", "R", 44.588, 54.213, 0, 0, 90],
		[88, "R17_1", 380.684, 725.8854, "B", "SMD", "$1N23899", "", "R", 23.62, 25.59, 0, 0, 180],
		[89, "R17_2", 347.284, 725.8854, "B", "SMD", "BATVOLTAGE", "", "R", 23.62, 25.59, 0, 0, 180],
		[90, "R18_1", 1495.63, 825, "T", "SMD", "$1N25770", "", "R", 44.588, 54.213, 0, 0, 0],
		[91, "R18_2", 1574.37, 825, "T", "SMD", "BUTTONOUT", "", "R", 44.588, 54.213, 0, 0, 0],
		[92, "R19_1", 1495.63, 945, "T", "SMD", "$1N25760", "", "R", 44.588, 54.213, 0, 0, 0],
		[93, "R19_2", 1574.37, 945, "T", "SMD", "BUTTONOUT", "", "R", 44.588, 54.213, 0, 0, 0],
		[94, "R20_1", 1495.63, 1070, "T", "SMD", "$1N25750", "", "R", 44.588, 54.213, 0, 0, 0],
		[95, "R20_2", 1574.37, 1070, "T", "SMD", "BUTTONOUT", "", "R", 44.588, 54.213, 0, 0, 0],
		[96, "R21_1", 1574.37, 700, "T", "SMD", "BUTTONOUT", "", "R", 44.588, 54.213, 0, 0, 180],
		[97, "R21_2", 1495.63, 700, "T", "SMD", "3V3_BUT", "", "R", 44.588, 54.213, 0, 0, 180],
		[98, "R23_1", 1095, 1249.37, "T", "SMD", "SDGATE", "", "R", 44.588, 54.213, 0, 0, 270],
		[99, "R23_2", 1095, 1170.63, "T", "SMD", "3V3", "", "R", 44.588, 54.213, 0, 0, 270],
		[100, "R24_1", 381.7, 670.002, "B", "SMD", "SDGATE", "", "R", 23.62, 25.59, 0, 0, 180],
		[101, "R24_2", 348.3, 670.002, "B", "SMD", "SDVCC", "", "R", 23.62, 25.59, 0, 0, 180],
		[102, "R25_1", -49.063, 513.9724, "T", "SMD", "3V3", "", "R", 44.588, 54.213, 0, 0, 0],
		[103, "R25_2", 29.677, 513.9724, "T", "SMD", "GPIO0", "", "R", 44.588, 54.213, 0, 0, 0],
		[104, "SW3_1", 724.13, -80.945, "T", "SMD", "GND", "GND", "R", 39.37, 33.465, 0, 0, 270],
		[105, "SW3_2", 724.13, -199.055, "T", "SMD", "GND", "GND", "R", 39.37, 33.465, 0, 0, 270],
		[106, "SW3_3", 615.87, -80.945, "T", "SMD", "CHIP_PU", "", "R", 39.37, 33.465, 0, 0, 270],
		[107, "SW3_4", 615.87, -199.055, "T", "SMD", "CHIP_PU", "", "R", 39.37, 33.465, 0, 0, 270],
		[108, "SW4_1", 790.87, -199.055, "T", "SMD", "GND", "GND", "R", 39.37, 33.465, 0, 0, 90],
		[109, "SW4_2", 790.87, -80.945, "T", "SMD", "GND", "GND", "R", 39.37, 33.465, 0, 0, 90],
		[110, "SW4_3", 899.13, -199.055, "T", "SMD", "GPIO0", "", "R", 39.37, 33.465, 0, 0, 90],
		[111, "SW4_4", 899.13, -80.945, "T", "SMD", "GPIO0", "", "R", 39.37, 33.465, 0, 0, 90],
		[112, "SW5_1", 1599.055, 1414.13, "B", "SMD", "GND_BUT", "", "R", 39.37, 33.465, 0, 0, 180],
		[113, "SW5_2", 1480.945, 1414.13, "B", "SMD", "GND_BUT", "", "R", 39.37, 33.465, 0, 0, 180],
		[114, "SW5_3", 1599.055, 1305.87, "B", "SMD", "$1N25750", "", "R", 39.37, 33.465, 0, 0, 180],
		[115, "SW5_4", 1480.945, 1305.87, "B", "SMD", "$1N25750", "", "R", 39.37, 33.465, 0, 0, 180],
		[116, "SW6_1", 1598.6611, 1109.13, "B", "SMD", "GND_BUT", "", "R", 39.37, 33.465, 0, 0, 180],
		[117, "SW6_2", 1480.5511, 1109.13, "B", "SMD", "GND_BUT", "", "R", 39.37, 33.465, 0, 0, 180],
		[118, "SW6_3", 1598.6611, 1000.87, "B", "SMD", "$1N25760", "", "R", 39.37, 33.465, 0, 0, 180],
		[119, "SW6_4", 1480.5511, 1000.87, "B", "SMD", "$1N25760", "", "R", 39.37, 33.465, 0, 0, 180],
		[120, "SW7_1", 1598.6611, 804.13, "B", "SMD", "GND_BUT", "", "R", 39.37, 33.465, 0, 0, 180],
		[121, "SW7_2", 1480.5511, 804.13, "B", "SMD", "GND_BUT", "", "R", 39.37, 33.465, 0, 0, 180],
		[122, "SW7_3", 1598.6611, 695.87, "B", "SMD", "$1N25770", "", "R", 39.37, 33.465, 0, 0, 180],
		[123, "SW7_4", 1480.5511, 695.87, "B", "SMD", "$1N25770", "", "R", 39.37, 33.465, 0, 0, 180],
		[124, "SW8_1", 1599.055, 499.13, "B", "SMD", "GND_BUT", "", "R", 39.37, 33.465, 0, 0, 180],
		[125, "SW8_2", 1480.945, 499.13, "B", "SMD", "GND_BUT", "", "R", 39.37, 33.465, 0, 0, 180],
		[126, "SW8_3", 1599.055, 390.87, "B", "SMD", "BUTTONOUT", "", "R", 39.37, 33.465, 0, 0, 180],
		[127, "SW8_4", 1480.945, 390.87, "B", "SMD", "BUTTONOUT", "", "R", 39.37, 33.465, 0, 0, 180],
		[128, "TF1_1", 433.975, 1289.02, "T", "SMD", "NET_3", "", "R", 31.496, 59.055, 0, 0, 270],
		[129, "TF1_2", 433.975, 1332.33, "T", "SMD", "NET_2", "", "R", 31.496, 59.055, 0, 0, 270],
		[130, "TF1_3", 433.975, 1375.63, "T", "SMD", "NET_4", "", "R", 31.496, 59.055, 0, 0, 270],
		[131, "TF1_4", 433.975, 1418.94, "T", "SMD", "SDVCC", "", "R", 31.496, 59.055, 0, 0, 270],
		[132, "TF1_5", 433.975, 1462.25, "T", "SMD", "GPIO12_SCK", "", "R", 31.496, 59.055, 0, 0, 270],
		[133, "TF1_6", 433.975, 1505.56, "T", "SMD", "GND", "GND", "R", 31.496, 59.055, 0, 0, 270],
		[134, "TF1_7", 433.975, 1548.86, "T", "SMD", "NET_5", "", "R", 31.496, 59.055, 0, 0, 270],
		[135, "TF1_8", 433.975, 1592.17, "T", "SMD", "NET_6", "", "R", 31.496, 59.055, 0, 0, 270],
		[136, "TF1_9", 658.385, 1685.67, "T", "SMD", "GND", "GND", "R", 57.087, 78.74, 0, 0, 270],
		[137, "TF1_10", 331.615, 1685.67, "T", "SMD", "GND", "GND", "R", 57.087, 78.74, 0, 0, 270],
		[138, "TF1_11", 331.615, 1144.34, "T", "SMD", "GND", "GND", "R", 57.087, 78.74, 0, 0, 270],
		[139, "TF1_12", 658.385, 1144.33, "T", "SMD", "GND", "GND", "R", 57.087, 78.74, 0, 0, 270],
		[140, "U1_1", 818.11, 305, "B", "SMD", "GND", "GND", "O", 62.992, 23.622, 0, 0, 180],
		[141, "U1_2", 818.11, 255, "B", "SMD", "$1N56", "", "O", 62.992, 23.622, 0, 0, 180],
		[142, "U1_3", 818.11, 205, "B", "SMD", "GND", "GND", "O", 62.992, 23.622, 0, 0, 180],
		[143, "U1_4", 818.11, 155, "B", "SMD", "USB_5V", "", "O", 62.992, 23.622, 0, 0, 180],
		[144, "U1_5", 581.89, 155, "B", "SMD", "BAT", "", "O", 62.992, 23.622, 0, 0, 180],
		[145, "U1_6", 581.89, 205, "B", "SMD", "STANDBY", "", "O", 62.992, 23.622, 0, 0, 180],
		[146, "U1_7", 581.89, 255, "B", "SMD", "CHARGE", "", "O", 62.992, 23.622, 0, 0, 180],
		[147, "U1_8", 581.89, 305, "B", "SMD", "USB_5V", "", "O", 62.992, 23.622, 0, 0, 180],
		[148, "U1_9", 700, 230, "B", "SMD", "GND", "GND", "R", 118.11, 137.795, 0, 0, 180],
		[149, "U2_1", 330.67, 741.53, "T", "SMD", "GND", "GND", "R", 78.74, 39.37, 0, 0, 180],
		[150, "U2_2", 330.67, 691.53, "T", "SMD", "3V3", "", "R", 78.74, 39.37, 0, 0, 180],
		[151, "U2_3", 330.67, 641.53, "T", "SMD", "CHIP_PU", "", "R", 78.74, 39.37, 0, 0, 180],
		[152, "U2_4", 330.67, 591.53, "T", "SMD", "GATE", "", "R", 78.74, 39.37, 0, 0, 180],
		[153, "U2_5", 330.67, 541.53, "T", "SMD", "GPIO5", "", "R", 78.74, 39.37, 0, 0, 180],
		[154, "U2_6", 330.67, 491.53, "T", "SMD", "INTGYRO", "", "R", 78.74, 39.37, 0, 0, 180],
		[155, "U2_7", 330.67, 441.53, "T", "SMD", "BATVOLTAGE", "", "R", 78.74, 39.37, 0, 0, 180],
		[156, "U2_8", 330.67, 391.53, "T", "SMD", "INTBAR", "", "R", 78.74, 39.37, 0, 0, 180],
		[157, "U2_9", 330.67, 341.53, "T", "SMD", "RST", "", "R", 78.74, 39.37, 0, 0, 180],
		[158, "U2_10", 330.67, 291.53, "T", "SMD", "DC", "", "R", 78.74, 39.37, 0, 0, 180],
		[159, "U2_11", 330.67, 241.53, "T", "SMD", "BUSY", "", "R", 78.74, 39.37, 0, 0, 180],
		[160, "U2_12", 330.67, 191.53, "T", "SMD", "GPIO8_SDA", "", "R", 78.74, 39.37, 0, 0, 180],
		[161, "U2_13", 330.67, 141.53, "T", "SMD", "USBD-", "", "R", 78.74, 39.37, 0, 0, 180],
		[162, "U2_14", 330.67, 91.53, "T", "SMD", "USBD+", "", "R", 78.74, 39.37, 0, 0, 180],
		[163, "U2_15", 410, 20.47, "T", "SMD", "GPIO3", "", "R", 39.37, 78.74, 0, 0, 180],
		[164, "U2_16", 460, 20.47, "T", "SMD", "GPIO46", "", "R", 39.37, 78.74, 0, 0, 180],
		[165, "U2_17", 510, 20.47, "T", "SMD", "GPIO9_SCL", "", "R", 39.37, 78.74, 0, 0, 180],
		[166, "U2_18", 560, 20.47, "T", "SMD", "GPIO10_CS", "", "R", 39.37, 78.74, 0, 0, 180],
		[167, "U2_19", 610, 20.47, "T", "SMD", "NET_4", "", "R", 39.37, 78.74, 0, 0, 180],
		[168, "U2_20", 660, 20.47, "T", "SMD", "GPIO12_SCK", "", "R", 39.37, 78.74, 0, 0, 180],
		[169, "U2_21", 710, 20.47, "T", "SMD", "NET_5", "", "R", 39.37, 78.74, 0, 0, 180],
		[170, "U2_22", 760, 20.47, "T", "SMD", "NET_2", "", "R", 39.37, 78.74, 0, 0, 180],
		[171, "U2_23", 810, 20.47, "T", "SMD", "PUFF", "", "R", 39.37, 78.74, 0, 0, 180],
		[172, "U2_24", 860, 20.47, "T", "SMD", "CHARGE", "", "R", 39.37, 78.74, 0, 0, 180],
		[173, "U2_25", 910, 20.47, "T", "SMD", "GPIO48", "", "R", 39.37, 78.74, 0, 0, 180],
		[174, "U2_26", 960, 20.47, "T", "SMD", "GPIO45", "", "R", 39.37, 78.74, 0, 0, 180],
		[175, "U2_27", 1043.27, 91.53, "T", "SMD", "GPIO0", "", "R", 78.74, 39.37, 0, 0, 180],
		[176, "U2_28", 1043.27, 141.53, "T", "SMD", "GPIO35", "", "R", 78.74, 39.37, 0, 0, 180],
		[177, "U2_29", 1043.27, 191.53, "T", "SMD", "GPIO36", "", "R", 78.74, 39.37, 0, 0, 180],
		[178, "U2_30", 1043.27, 241.53, "T", "SMD", "GPIO37", "", "R", 78.74, 39.37, 0, 0, 180],
		[179, "U2_31", 1043.27, 291.53, "T", "SMD", "SDGATE", "", "R", 78.74, 39.37, 0, 0, 180],
		[180, "U2_32", 1043.27, 341.53, "T", "SMD", "GPIO39", "", "R", 78.74, 39.37, 0, 0, 180],
		[181, "U2_33", 1043.27, 391.53, "T", "SMD", "GPIO40", "", "R", 78.74, 39.37, 0, 0, 180],
		[182, "U2_34", 1043.27, 441.53, "T", "SMD", "GPIO41", "", "R", 78.74, 39.37, 0, 0, 180],
		[183, "U2_35", 1043.27, 491.53, "T", "SMD", "GPIO42", "", "R", 78.74, 39.37, 0, 0, 180],
		[184, "U2_36", 1043.27, 541.53, "T", "SMD", "U0RXD", "", "R", 78.74, 39.37, 0, 0, 180],
		[185, "U2_37", 1043.27, 591.53, "T", "SMD", "U0TXD", "", "R", 78.74, 39.37, 0, 0, 180],
		[186, "U2_38", 1043.27, 641.53, "T", "SMD", "GPIO2", "", "R", 78.74, 39.37, 0, 0, 180],
		[187, "U2_39", 1043.27, 691.53, "T", "SMD", "BUTTONS", "", "R", 78.74, 39.37, 0, 0, 180],
		[188, "U2_40", 1043.27, 741.53, "T", "SMD", "GND", "GND", "R", 78.74, 39.37, 0, 0, 180],
		[189, "U2_41", 625.94, 437.99, "T", "SMD", "GND", "GND", "R", 145.669, 145.669, 0, 0, 180],
		[190, "U3_1", 1114.84, 1099.3, "T", "SMD", "3V3", "", "R", 11.811, 19.685, 0, 0, 0],
		[191, "U3_2", 1095.16, 1099.3, "T", "SMD", "GPIO9_SCL", "", "R", 11.811, 19.685, 0, 0, 0],
		[192, "U3_3", 1070.78, 1084.68, "T", "SMD", "GND", "GND", "R", 11.811, 19.685, 0, 0, 270],
		[193, "U3_4", 1070.78, 1065, "T", "SMD", "GPIO8_SDA", "", "R", 11.811, 19.685, 0, 0, 90],
		[194, "U3_5", 1070.78, 1045.31, "T", "SMD", "GND", "GND", "R", 11.811, 19.685, 0, 0, 90],
		[195, "U3_6", 1095.16, 1030.7, "T", "SMD", "$1N73", "", "R", 11.811, 19.685, 0, 0, 180],
		[196, "U3_7", 1114.84, 1030.7, "T", "SMD", "$1N14594", "", "R", 11.811, 19.685, 0, 0, 180],
		[197, "U3_8", 1139.22, 1045.31, "T", "SMD", "GND", "GND", "R", 11.811, 19.685, 0, 0, 270],
		[198, "U3_9", 1139.22, 1065, "T", "SMD", "GND", "GND", "R", 11.811, 19.685, 0, 0, 270],
		[199, "U3_10", 1139.22, 1084.68, "T", "SMD", "3V3", "", "R", 11.811, 19.685, 0, 0, 270],
		[200, "U4_1", 654.21, 486.26, "B", "SMD", "GND", "GND", "R", 11.811, 35.433, 0, 0, 0],
		[201, "U4_2", 634.53, 486.26, "B", "SMD", "NET_7", "", "R", 11.811, 35.433, 0, 0, 0],
		[202, "U4_3", 614.84, 486.26, "B", "SMD", "NET_8", "", "R", 11.811, 35.433, 0, 0, 0],
		[203, "U4_4", 595.16, 486.26, "B", "SMD", "NET_9", "", "R", 11.811, 35.433, 0, 0, 0],
		[204, "U4_5", 575.47, 486.26, "B", "SMD", "NET_10", "", "R", 11.811, 35.433, 0, 0, 0],
		[205, "U4_6", 555.79, 486.26, "B", "SMD", "NET_11", "", "R", 11.811, 35.433, 0, 0, 0],
		[206, "U4_7", 526.26, 515.79, "B", "SMD", "NET_12", "", "R", 11.811, 35.433, 0, 0, 90],
		[207, "U4_8", 526.26, 535.47, "B", "SMD", "3V3", "", "R", 11.811, 35.433, 0, 0, 90],
		[208, "U4_9", 526.26, 555.16, "B", "SMD", "GND", "GND", "R", 11.811, 35.433, 0, 0, 90],
		[209, "U4_10", 526.26, 574.84, "B", "SMD", "$1N80", "", "R", 11.811, 35.433, 0, 0, 90],
		[210, "U4_11", 526.26, 594.53, "B", "SMD", "GND", "GND", "R", 11.811, 35.433, 0, 0, 90],
		[211, "U4_12", 526.26, 614.21, "B", "SMD", "$1N23852", "", "R", 11.811, 35.433, 0, 0, 90],
		[212, "U4_13", 555.79, 643.74, "B", "SMD", "3V3", "", "R", 11.811, 35.433, 0, 0, 0],
		[213, "U4_14", 575.47, 643.74, "B", "SMD", "NET_13", "", "R", 11.811, 35.433, 0, 0, 0],
		[214, "U4_15", 595.16, 643.74, "B", "SMD", "NET_14", "", "R", 11.811, 35.433, 0, 0, 0],
		[215, "U4_16", 614.84, 643.74, "B", "SMD", "NET_15", "", "R", 11.811, 35.433, 0, 0, 0],
		[216, "U4_17", 634.53, 643.74, "B", "SMD", "NET_16", "", "R", 11.811, 35.433, 0, 0, 0],
		[217, "U4_18", 654.21, 643.74, "B", "SMD", "GND", "GND", "R", 11.811, 35.433, 0, 0, 0],
		[218, "U4_19", 683.74, 614.21, "B", "SMD", "NET_17", "", "R", 11.811, 35.433, 0, 0, 90],
		[219, "U4_20", 683.74, 594.53, "B", "SMD", "$1N78", "", "R", 11.811, 35.433, 0, 0, 90],
		[220, "U4_21", 683.74, 574.84, "B", "SMD", "NET_18", "", "R", 11.811, 35.433, 0, 0, 90],
		[221, "U4_22", 683.74, 555.16, "B", "SMD", "NET_19", "", "R", 11.811, 35.433, 0, 0, 90],
		[222, "U4_23", 683.74, 535.47, "B", "SMD", "GPIO9_SCL", "", "R", 11.811, 35.433, 0, 0, 90],
		[223, "U4_24", 683.74, 515.79, "B", "SMD", "GPIO8_SDA", "", "R", 11.811, 35.433, 0, 0, 90],
		[224, "U5_1", 947.4, 671.69, "B", "SMD", "BAT", "", "R", 23.622, 39.37, 0, 0, 180],
		[225, "U5_2", 910, 671.69, "B", "SMD", "GND", "GND", "R", 23.622, 39.37, 0, 0, 180],
		[226, "U5_3", 872.6, 671.69, "B", "SMD", "BAT", "", "R", 23.622, 39.37, 0, 0, 180],
		[227, "U5_4", 872.6, 758.31, "B", "SMD", "NET_20", "", "R", 23.622, 39.37, 0, 0, 180],
		[228, "U5_5", 947.4, 758.31, "B", "SMD", "3V3", "", "R", 23.622, 39.37, 0, 0, 180],
		[229, "U6_1", 507.52, 1179.37, "B", "SMD", "GND", "GND", "R", 11.811, 51.181, 0, 0, 270],
		[230, "U6_2", 507.52, 1159.69, "B", "SMD", "GND", "GND", "R", 11.811, 51.181, 0, 0, 270],
		[231, "U6_3", 507.52, 1140.01, "B", "SMD", "NET_21", "", "R", 11.811, 51.181, 0, 0, 270],
		[232, "U6_4", 507.52, 1120.32, "B", "SMD", "GPIO8_SDA", "", "R", 11.811, 51.181, 0, 0, 270],
		[233, "U6_5", 507.52, 1100.63, "B", "SMD", "GPIO9_SCL", "", "R", 11.811, 51.181, 0, 0, 270],
		[234, "U6_6", 322.48, 1100.64, "B", "SMD", "3V3", "", "R", 11.811, 51.181, 0, 0, 270],
		[235, "U6_7", 322.48, 1120.32, "B", "SMD", "GND", "GND", "R", 11.811, 51.181, 0, 0, 270],
		[236, "U6_8", 322.48, 1140, "B", "SMD", "$1N23899", "", "R", 11.811, 51.181, 0, 0, 270],
		[237, "U6_9", 322.48, 1159.69, "B", "SMD", "$1N83", "", "R", 11.811, 51.181, 0, 0, 270],
		[238, "U6_10", 322.48, 1179.38, "B", "SMD", "BAT", "", "R", 11.811, 51.181, 0, 0, 270],
		[239, "U9_1", 120, 45, "T", "DIP", "GPIO48", "", "C", 27.5591, 27.5591, 11.811, 11.811, 0],
		[240, "U9_1", 120, 45, "B", "DIP", "GPIO48", "", "C", 27.5591, 27.5591, 11.811, 11.811, 0],
		[241, "U9_2", 120, 94.1379, "T", "DIP", "PUFF", "", "C", 27.5591, 27.5591, 11.811, 11.811, 0],
		[242, "U9_2", 120, 94.1379, "B", "DIP", "PUFF", "", "C", 27.5591, 27.5591, 11.811, 11.811, 0],
		[243, "U9_3", 120, 143.2759, "T", "DIP", "GND", "GND", "C", 27.5591, 27.5591, 11.811, 11.811, 0],
		[244, "U9_3", 120, 143.2759, "B", "DIP", "GND", "GND", "C", 27.5591, 27.5591, 11.811, 11.811, 0],
		[245, "U9_4", 120, 192.4138, "T", "DIP", "3V3", "", "C", 27.5591, 27.5591, 11.811, 11.811, 0],
		[246, "U9_4", 120, 192.4138, "B", "DIP", "3V3", "", "C", 27.5591, 27.5591, 11.811, 11.811, 0],
		[247, "U9_5", 120, 241.5517, "T", "DIP", "BAT", "", "C", 27.5591, 27.5591, 11.811, 11.811, 0],
		[248, "U9_5", 120, 241.5517, "B", "DIP", "BAT", "", "C", 27.5591, 27.5591, 11.811, 11.811, 0],
		[249, "U9_6", 120, 290.6897, "T", "DIP", "BUTTONS", "", "C", 27.5591, 27.5591, 11.811, 11.811, 0],
		[250, "U9_6", 120, 290.6897, "B", "DIP", "BUTTONS", "", "C", 27.5591, 27.5591, 11.811, 11.811, 0],
		[251, "U9_7", 120, 339.8276, "T", "DIP", "GPIO38", "", "C", 27.5591, 27.5591, 11.811, 11.811, 0],
		[252, "U9_7", 120, 339.8276, "B", "DIP", "GPIO38", "", "C", 27.5591, 27.5591, 11.811, 11.811, 0],
		[253, "U9_8", 120, 388.9655, "T", "DIP", "GPIO39", "", "C", 27.5591, 27.5591, 11.811, 11.811, 0],
		[254, "U9_8", 120, 388.9655, "B", "DIP", "GPIO39", "", "C", 27.5591, 27.5591, 11.811, 11.811, 0],
		[255, "U9_9", 120, 438.1034, "T", "DIP", "GPIO40", "", "C", 27.5591, 27.5591, 11.811, 11.811, 0],
		[256, "U9_9", 120, 438.1034, "B", "DIP", "GPIO40", "", "C", 27.5591, 27.5591, 11.811, 11.811, 0],
		[257, "U9_10", 120, 487.2414, "T", "DIP", "GPIO41", "", "C", 27.5591, 27.5591, 11.811, 11.811, 0],
		[258, "U9_10", 120, 487.2414, "B", "DIP", "GPIO41", "", "C", 27.5591, 27.5591, 11.811, 11.811, 0],
		[259, "U9_11", 120, 536.3793, "T", "DIP", "GPIO42", "", "C", 27.5591, 27.5591, 11.811, 11.811, 0],
		[260, "U9_11", 120, 536.3793, "B", "DIP", "GPIO42", "", "C", 27.5591, 27.5591, 11.811, 11.811, 0],
		[261, "U9_12", 120, 585.5172, "T", "DIP", "U0RXD", "", "C", 27.5591, 27.5591, 11.811, 11.811, 0],
		[262, "U9_12", 120, 585.5172, "B", "DIP", "U0RXD", "", "C", 27.5591, 27.5591, 11.811, 11.811, 0],
		[263, "U9_13", 120, 634.6552, "T", "DIP", "U0TXD", "", "C", 27.5591, 27.5591, 11.811, 11.811, 0],
		[264, "U9_13", 120, 634.6552, "B", "DIP", "U0TXD", "", "C", 27.5591, 27.5591, 11.811, 11.811, 0],
		[265, "U9_14", 120, 683.7931, "T", "DIP", "SDGATE", "", "C", 27.5591, 27.5591, 11.811, 11.811, 0],
		[266, "U9_14", 120, 683.7931, "B", "DIP", "SDGATE", "", "C", 27.5591, 27.5591, 11.811, 11.811, 0],
		[267, "U9_15", 120, 732.931, "T", "DIP", "GPIO8_SDA", "", "C", 27.5591, 27.5591, 11.811, 11.811, 0],
		[268, "U9_15", 120, 732.931, "B", "DIP", "GPIO8_SDA", "", "C", 27.5591, 27.5591, 11.811, 11.811, 0],
		[269, "U9_16", 120, 782.069, "T", "DIP", "GPIO9_SCL", "", "C", 27.5591, 27.5591, 11.811, 11.811, 0],
		[270, "U9_16", 120, 782.069, "B", "DIP", "GPIO9_SCL", "", "C", 27.5591, 27.5591, 11.811, 11.811, 0],
		[271, "U9_17", 120, 831.2069, "T", "DIP", "GATE", "", "C", 27.5591, 27.5591, 11.811, 11.811, 0],
		[272, "U9_17", 120, 831.2069, "B", "DIP", "GATE", "", "C", 27.5591, 27.5591, 11.811, 11.811, 0],
		[273, "U9_18", 120, 880.3448, "T", "DIP", "GPIO5", "", "C", 27.5591, 27.5591, 11.811, 11.811, 0],
		[274, "U9_18", 120, 880.3448, "B", "DIP", "GPIO5", "", "C", 27.5591, 27.5591, 11.811, 11.811, 0],
		[275, "U9_19", 120, 929.4828, "T", "DIP", "INTGYRO", "", "C", 27.5591, 27.5591, 11.811, 11.811, 0],
		[276, "U9_19", 120, 929.4828, "B", "DIP", "INTGYRO", "", "C", 27.5591, 27.5591, 11.811, 11.811, 0],
		[277, "U9_20", 120, 978.6207, "T", "DIP", "NET_22", "", "C", 27.5591, 27.5591, 11.811, 11.811, 0],
		[278, "U9_20", 120, 978.6207, "B", "DIP", "NET_22", "", "C", 27.5591, 27.5591, 11.811, 11.811, 0],
		[279, "U9_21", 120, 1027.7586, "T", "DIP", "INTBAR", "", "C", 27.5591, 27.5591, 11.811, 11.811, 0],
		[280, "U9_21", 120, 1027.7586, "B", "DIP", "INTBAR", "", "C", 27.5591, 27.5591, 11.811, 11.811, 0],
		[281, "U9_22", 120, 1076.8966, "T", "DIP", "NET_4", "", "C", 27.5591, 27.5591, 11.811, 11.811, 0],
		[282, "U9_22", 120, 1076.8966, "B", "DIP", "NET_4", "", "C", 27.5591, 27.5591, 11.811, 11.811, 0],
		[283, "U9_23", 120, 1126.0345, "T", "DIP", "GPIO12_SCK", "", "C", 27.5591, 27.5591, 11.811, 11.811, 0],
		[284, "U9_23", 120, 1126.0345, "B", "DIP", "GPIO12_SCK", "", "C", 27.5591, 27.5591, 11.811, 11.811, 0],
		[285, "U9_24", 120, 1175.1724, "T", "DIP", "NET_5", "", "C", 27.5591, 27.5591, 11.811, 11.811, 0],
		[286, "U9_24", 120, 1175.1724, "B", "DIP", "NET_5", "", "C", 27.5591, 27.5591, 11.811, 11.811, 0],
		[287, "U9_25", 120, 1224.3103, "T", "DIP", "USBD-", "", "C", 27.5591, 27.5591, 11.811, 11.811, 0],
		[288, "U9_25", 120, 1224.3103, "B", "DIP", "USBD-", "", "C", 27.5591, 27.5591, 11.811, 11.811, 0],
		[289, "U9_26", 120, 1273.4483, "T", "DIP", "USBD+", "", "C", 27.5591, 27.5591, 11.811, 11.811, 0],
		[290, "U9_26", 120, 1273.4483, "B", "DIP", "USBD+", "", "C", 27.5591, 27.5591, 11.811, 11.811, 0],
		[291, "U9_27", 120, 1322.5862, "T", "DIP", "3V3", "", "C", 27.5591, 27.5591, 11.811, 11.811, 0],
		[292, "U9_27", 120, 1322.5862, "B", "DIP", "3V3", "", "C", 27.5591, 27.5591, 11.811, 11.811, 0],
		[293, "U9_28", 120, 1371.7241, "T", "DIP", "3V3", "", "C", 27.5591, 27.5591, 11.811, 11.811, 0],
		[294, "U9_28", 120, 1371.7241, "B", "DIP", "3V3", "", "C", 27.5591, 27.5591, 11.811, 11.811, 0],
		[295, "U9_29", 120, 1420.8621, "T", "DIP", "GND", "GND", "C", 27.5591, 27.5591, 11.811, 11.811, 0],
		[296, "U9_29", 120, 1420.8621, "B", "DIP", "GND", "GND", "C", 27.5591, 27.5591, 11.811, 11.811, 0],
		[297, "U9_30", 120, 1470, "T", "DIP", "GND", "GND", "C", 27.5591, 27.5591, 11.811, 11.811, 0],
		[298, "U9_30", 120, 1470, "B", "DIP", "GND", "GND", "C", 27.5591, 27.5591, 11.811, 11.811, 0],
		[299, "U10_GND", 3175, 1090, "T", "DIP", "GND", "GND", "C", 27.5591, 27.5591, 19.685, 19.685, 0],
		[300, "U10_GND", 3175, 1090, "B", "DIP", "GND", "GND", "C", 27.5591, 27.5591, 19.685, 19.685, 0],
		[301, "U10_OUT", 3122, 1090, "T", "DIP", "PUFF", "", "C", 27.5591, 27.5591, 19.685, 19.685, 0],
		[302, "U10_OUT", 3122, 1090, "B", "DIP", "PUFF", "", "C", 27.5591, 27.5591, 19.685, 19.685, 0],
		[303, "U10_VCC", 3228, 1090, "T", "DIP", "3V3", "", "C", 27.5591, 27.5591, 19.685, 19.685, 0],
		[304, "U10_VCC", 3228, 1090, "B", "DIP", "3V3", "", "C", 27.5591, 27.5591, 19.685, 19.685, 0],
		[305, "U11_1", 360, -160, "T", "DIP", "GND", "GND", "R", 39.3701, 39.3701, 27.5591, 27.5591, 0],
		[306, "U11_1", 360, -160, "B", "DIP", "GND", "GND", "R", 39.3701, 39.3701, 27.5591, 27.5591, 0],
		[307, "U11_2", 415, -160, "T", "DIP", "GPIO10_CS", "", "C", 39.3701, 39.3701, 27.5591, 27.5591, 0],
		[308, "U11_2", 415, -160, "B", "DIP", "GPIO10_CS", "", "C", 39.3701, 39.3701, 27.5591, 27.5591, 0],
		[309, "U11_3", 470, -160, "T", "DIP", "3V3", "", "C", 39.3701, 39.3701, 27.5591, 27.5591, 0],
		[310, "U11_3", 470, -160, "B", "DIP", "3V3", "", "C", 39.3701, 39.3701, 27.5591, 27.5591, 0],
		[311, "U11_4", 525, -160, "T", "DIP", "NET_4", "", "C", 39.3701, 39.3701, 27.5591, 27.5591, 0],
		[312, "U11_4", 525, -160, "B", "DIP", "NET_4", "", "C", 39.3701, 39.3701, 27.5591, 27.5591, 0],
		[313, "U11_5", 525, -95, "T", "DIP", "RST", "", "C", 39.3701, 39.3701, 27.5591, 27.5591, 0],
		[314, "U11_5", 525, -95, "B", "DIP", "RST", "", "C", 39.3701, 39.3701, 27.5591, 27.5591, 0],
		[315, "U11_6", 470, -95, "T", "DIP", "GPIO12_SCK", "", "C", 39.3701, 39.3701, 27.5591, 27.5591, 0],
		[316, "U11_6", 470, -95, "B", "DIP", "GPIO12_SCK", "", "C", 39.3701, 39.3701, 27.5591, 27.5591, 0],
		[317, "U11_7", 415, -95, "T", "DIP", "DC", "", "C", 39.3701, 39.3701, 27.5591, 27.5591, 0],
		[318, "U11_7", 415, -95, "B", "DIP", "DC", "", "C", 39.3701, 39.3701, 27.5591, 27.5591, 0],
		[319, "U11_8", 360, -95, "T", "DIP", "BUSY", "", "C", 39.3701, 39.3701, 27.5591, 27.5591, 0],
		[320, "U11_8", 360, -95, "B", "DIP", "BUSY", "", "C", 39.3701, 39.3701, 27.5591, 27.5591, 0],
		[321, "U12_1", 127.7638, -106.9764, "T", "DIP", "GND", "GND", "R", 39.3701, 39.3701, 27.5591, 27.5591, 0],
		[322, "U12_1", 127.7638, -106.9764, "B", "DIP", "GND", "GND", "R", 39.3701, 39.3701, 27.5591, 27.5591, 0],
		[323, "U12_2", 182.7638, -106.9764, "T", "DIP", "USBD-", "", "C", 39.3701, 39.3701, 27.5591, 27.5591, 0],
		[324, "U12_2", 182.7638, -106.9764, "B", "DIP", "USBD-", "", "C", 39.3701, 39.3701, 27.5591, 27.5591, 0],
		[325, "U12_3", 237.7638, -106.9764, "T", "DIP", "USBD+", "", "C", 39.3701, 39.3701, 27.5591, 27.5591, 0],
		[326, "U12_3", 237.7638, -106.9764, "B", "DIP", "USBD+", "", "C", 39.3701, 39.3701, 27.5591, 27.5591, 0],
		[327, "U12_4", 292.7638, -106.9764, "T", "DIP", "USB_5V", "", "C", 39.3701, 39.3701, 27.5591, 27.5591, 0],
		[328, "U12_4", 292.7638, -106.9764, "B", "DIP", "USB_5V", "", "C", 39.3701, 39.3701, 27.5591, 27.5591, 0],
		[329, "PAD1_1", 1475, 295, "T", "DIP", "GND_BUT", "", "C", 39.3701, 39.3701, 27.5591, 27.5591, 0],
		[330, "PAD1_1", 1475, 295, "B", "DIP", "GND_BUT", "", "C", 39.3701, 39.3701, 27.5591, 27.5591, 0],
		[331, "PAD2_1", 1540, 295, "T", "DIP", "BUTTONOUT", "", "C", 39.3701, 39.3701, 27.5591, 27.5591, 0],
		[332, "PAD2_1", 1540, 295, "B", "DIP", "BUTTONOUT", "", "C", 39.3701, 39.3701, 27.5591, 27.5591, 0],
		[333, "PAD3_1", 1605, 295, "T", "DIP", "3V3_BUT", "", "C", 39.3701, 39.3701, 27.5591, 27.5591, 0],
		[334, "PAD3_1", 1605, 295, "B", "DIP", "3V3_BUT", "", "C", 39.3701, 39.3701, 27.5591, 27.5591, 0],
		[335, "PAD4_1", 1130, 155, "T", "DIP", "3V3", "", "C", 39.3701, 39.3701, 27.5591, 27.5591, 90],
		[336, "PAD4_1", 1130, 155, "B", "DIP", "3V3", "", "C", 39.3701, 39.3701, 27.5591, 27.5591, 90],
		[337, "PAD5_1", 1130, 90, "T", "DIP", "BUTTONS", "", "C", 39.3701, 39.3701, 27.5591, 27.5591, 90],
		[338, "PAD5_1", 1130, 90, "B", "DIP", "BUTTONS", "", "C", 39.3701, 39.3701, 27.5591, 27.5591, 90],
		[339, "PAD6_1", 1130, 25, "T", "DIP", "GND", "GND", "C", 39.3701, 39.3701, 27.5591, 27.5591, 90],
		[340, "PAD6_1", 1130, 25, "B", "DIP", "GND", "GND", "C", 39.3701, 39.3701, 27.5591, 27.5591, 90],
		[341, "PAD7_1", 745, 1130, "B", "SMD", "BAT", "", "R", 78.7402, 137.7953, 0, 0, 90],
		[342, "PAD8_1", 745, 1491.864, "B", "SMD", "$1N83", "", "R", 78.7402, 137.7953, 0, 0, 90],
		[343, "PAD9_1", 1029.37, 575, "B", "SMD", "BAT", "", "R", 39.37, 61.024, 0, 0, 0],
		[344, "PAD10_2", 950.63, 575, "B", "SMD", "GND", "GND", "R", 39.37, 61.024, 0, 0, 0],
		[345, "PAD11_1", 1117.4, 1260.63, "B", "SMD", "$1N60", "", "R", 49.213, 27.559, 0, 0, 270],
		[346, "PAD12_2", 1042.6, 1260.63, "B", "SMD", "GND", "GND", "R", 49.213, 27.559, 0, 0, 270],
		[347, "PAD13_3", 1080, 1339.37, "B", "SMD", "DRAIN", "", "R", 49.213, 27.559, 0, 0, 270],
		[348, "PAD14_1", 982.646, 1260.876, "B", "SMD", "$1N60", "", "R", 49.213, 27.559, 0, 0, 270],
		[349, "PAD15_2", 907.846, 1260.876, "B", "SMD", "GND", "GND", "R", 49.213, 27.559, 0, 0, 270],
		[350, "PAD16_3", 945.246, 1339.616, "B", "SMD", "DRAIN", "", "R", 49.213, 27.559, 0, 0, 270],
		[351, "PAD17_2", 875, -75.63, "B", "SMD", "CHIP_PU", "", "R", 44.588, 54.213, 0, 0, 90],
		[352, "PAD18_1", 875, -154.37, "B", "SMD", "3V3", "", "R", 44.588, 54.213, 0, 0, 90],
		[353, "PAD19_2", 680.63, 45, "B", "SMD", "$1N56", "", "R", 44.588, 54.213, 0, 0, 180],
		[354, "PAD20_1", 759.37, 45, "B", "SMD", "GND", "GND", "R", 44.588, 54.213, 0, 0, 180],
		[355, "PAD21_2", 310.63, 175, "B", "SMD", "$1N60", "", "R", 44.588, 54.213, 0, 0, 180],
		[356, "PAD22_1", 389.37, 175, "B", "SMD", "GATE", "", "R", 44.588, 54.213, 0, 0, 180],
		[357, "PAD23_2", 310.63, 285, "B", "SMD", "$1N60", "", "R", 44.588, 54.213, 0, 0, 180],
		[358, "PAD24_1", 389.37, 285, "B", "SMD", "GND", "GND", "R", 44.588, 54.213, 0, 0, 180],
		[359, "PAD25_2", -49.37, 419.8, "T", "SMD", "$1N63", "", "R", 44.588, 54.213, 0, 0, 180],
		[360, "PAD26_1", 29.37, 419.8, "T", "SMD", "BAT", "", "R", 44.588, 54.213, 0, 0, 180],
		[361, "PAD27_2", 29.37, 233.3448, "T", "SMD", "3V3", "", "R", 44.588, 54.213, 0, 0, 0],
		[362, "PAD28_1", -49.37, 233.3448, "T", "SMD", "GPIO8_SDA", "", "R", 44.588, 54.213, 0, 0, 0],
		[363, "PAD29_2", 29.37, 139.1724, "T", "SMD", "GPIO9_SCL", "", "R", 44.588, 54.213, 0, 0, 0],
		[364, "PAD30_1", -49.37, 139.1724, "T", "SMD", "3V3", "", "R", 44.588, 54.213, 0, 0, 0],
		[365, "PAD31_2", 29.37, 45, "T", "SMD", "3V3", "", "R", 44.588, 54.213, 0, 0, 0],
		[366, "PAD32_1", -49.37, 45, "T", "SMD", "$1N73", "", "R", 44.588, 54.213, 0, 0, 0],
		[367, "PAD33_2", -49.37, 327.5172, "T", "SMD", "GND", "GND", "R", 44.588, 54.213, 0, 0, 180],
		[368, "PAD34_1", 29.37, 327.5172, "T", "SMD", "$1N63", "", "R", 44.588, 54.213, 0, 0, 180],
		[369, "PAD35_5", 581.89, 155, "B", "SMD", "BAT", "", "O", 62.992, 23.622, 0, 0, 180],
		[370, "PAD36_6", 581.89, 205, "B", "SMD", "STANDBY", "", "O", 62.992, 23.622, 0, 0, 180],
		[371, "PAD37_7", 581.89, 255, "B", "SMD", "CHARGE", "", "O", 62.992, 23.622, 0, 0, 180],
		[372, "PAD38_8", 581.89, 305, "B", "SMD", "USB_5V", "", "O", 62.992, 23.622, 0, 0, 180],
		[373, "PAD39_4", 818.11, 155, "B", "SMD", "USB_5V", "", "O", 62.992, 23.622, 0, 0, 180],
		[374, "PAD40_3", 818.11, 205, "B", "SMD", "GND", "GND", "O", 62.992, 23.622, 0, 0, 180],
		[375, "PAD41_2", 818.11, 255, "B", "SMD", "$1N56", "", "O", 62.992, 23.622, 0, 0, 180],
		[376, "PAD42_1", 818.11, 305, "B", "SMD", "GND", "GND", "O", 62.992, 23.622, 0, 0, 180],
		[377, "PAD43_9", 700, 230, "B", "SMD", "GND", "GND", "R", 118.11, 137.795, 0, 0, 180],
		[378, "PAD44_16", 460, 20.47, "T", "SMD", "GPIO46", "", "R", 39.37, 78.74, 0, 0, 180],
		[379, "PAD45_17", 510, 20.47, "T", "SMD", "GPIO9_SCL", "", "R", 39.37, 78.74, 0, 0, 180],
		[380, "PAD46_18", 560, 20.47, "T", "SMD", "GPIO10_CS", "", "R", 39.37, 78.74, 0, 0, 180],
		[381, "PAD47_19", 610, 20.47, "T", "SMD", "NET_4", "", "R", 39.37, 78.74, 0, 0, 180],
		[382, "PAD48_20", 660, 20.47, "T", "SMD", "GPIO12_SCK", "", "R", 39.37, 78.74, 0, 0, 180],
		[383, "PAD49_21", 710, 20.47, "T", "SMD", "NET_5", "", "R", 39.37, 78.74, 0, 0, 180],
		[384, "PAD50_22", 760, 20.47, "T", "SMD", "NET_2", "", "R", 39.37, 78.74, 0, 0, 180],
		[385, "PAD51_23", 810, 20.47, "T", "SMD", "PUFF", "", "R", 39.37, 78.74, 0, 0, 180],
		[386, "PAD52_24", 860, 20.47, "T", "SMD", "CHARGE", "", "R", 39.37, 78.74, 0, 0, 180],
		[387, "PAD53_25", 910, 20.47, "T", "SMD", "GPIO48", "", "R", 39.37, 78.74, 0, 0, 180],
		[388, "PAD54_14", 330.67, 91.53, "T", "SMD", "USBD+", "", "R", 78.74, 39.37, 0, 0, 180],
		[389, "PAD55_41", 625.94, 437.99, "T", "SMD", "GND", "GND", "R", 145.669, 145.669, 0, 0, 180],
		[390, "PAD56_13", 330.67, 141.53, "T", "SMD", "USBD-", "", "R", 78.74, 39.37, 0, 0, 180],
		[391, "PAD57_12", 330.67, 191.53, "T", "SMD", "GPIO8_SDA", "", "R", 78.74, 39.37, 0, 0, 180],
		[392, "PAD58_11", 330.67, 241.53, "T", "SMD", "BUSY", "", "R", 78.74, 39.37, 0, 0, 180],
		[393, "PAD59_10", 330.67, 291.53, "T", "SMD", "DC", "", "R", 78.74, 39.37, 0, 0, 180],
		[394, "PAD60_9", 330.67, 341.53, "T", "SMD", "RST", "", "R", 78.74, 39.37, 0, 0, 180],
		[395, "PAD61_8", 330.67, 391.53, "T", "SMD", "INTBAR", "", "R", 78.74, 39.37, 0, 0, 180],
		[396, "PAD62_7", 330.67, 441.53, "T", "SMD", "BATVOLTAGE", "", "R", 78.74, 39.37, 0, 0, 180],
		[397, "PAD63_6", 330.67, 491.53, "T", "SMD", "INTGYRO", "", "R", 78.74, 39.37, 0, 0, 180],
		[398, "PAD64_5", 330.67, 541.53, "T", "SMD", "GPIO5", "", "R", 78.74, 39.37, 0, 0, 180],
		[399, "PAD65_4", 330.67, 591.53, "T", "SMD", "GATE", "", "R", 78.74, 39.37, 0, 0, 180],
		[400, "PAD66_3", 330.67, 641.53, "T", "SMD", "CHIP_PU", "", "R", 78.74, 39.37, 0, 0, 180],
		[401, "PAD67_2", 330.67, 691.53, "T", "SMD", "3V3", "", "R", 78.74, 39.37, 0, 0, 180],
		[402, "PAD68_1", 330.67, 741.53, "T", "SMD", "GND", "GND", "R", 78.74, 39.37, 0, 0, 180],
		[403, "PAD69_15", 410, 20.47, "T", "SMD", "GPIO3", "", "R", 39.37, 78.74, 0, 0, 180],
		[404, "PAD70_26", 960, 20.47, "T", "SMD", "GPIO45", "", "R", 39.37, 78.74, 0, 0, 180],
		[405, "PAD71_27", 1043.27, 91.53, "T", "SMD", "GPIO0", "", "R", 78.74, 39.37, 0, 0, 180],
		[406, "PAD72_28", 1043.27, 141.53, "T", "SMD", "GPIO35", "", "R", 78.74, 39.37, 0, 0, 180],
		[407, "PAD73_29", 1043.27, 191.53, "T", "SMD", "GPIO36", "", "R", 78.74, 39.37, 0, 0, 180],
		[408, "PAD74_30", 1043.27, 241.53, "T", "SMD", "GPIO37", "", "R", 78.74, 39.37, 0, 0, 180],
		[409, "PAD75_31", 1043.27, 291.53, "T", "SMD", "SDGATE", "", "R", 78.74, 39.37, 0, 0, 180],
		[410, "PAD76_32", 1043.27, 341.53, "T", "SMD", "GPIO39", "", "R", 78.74, 39.37, 0, 0, 180],
		[411, "PAD77_33", 1043.27, 391.53, "T", "SMD", "GPIO40", "", "R", 78.74, 39.37, 0, 0, 180],
		[412, "PAD78_34", 1043.27, 441.53, "T", "SMD", "GPIO41", "", "R", 78.74, 39.37, 0, 0, 180],
		[413, "PAD79_35", 1043.27, 491.53, "T", "SMD", "GPIO42", "", "R", 78.74, 39.37, 0, 0, 180],
		[414, "PAD80_36", 1043.27, 541.53, "T", "SMD", "U0RXD", "", "R", 78.74, 39.37, 0, 0, 180],
		[415, "PAD81_37", 1043.27, 591.53, "T", "SMD", "U0TXD", "", "R", 78.74, 39.37, 0, 0, 180],
		[416, "PAD82_38", 1043.27, 641.53, "T", "SMD", "GPIO2", "", "R", 78.74, 39.37, 0, 0, 180],
		[417, "PAD83_39", 1043.27, 691.53, "T", "SMD", "BUTTONS", "", "R", 78.74, 39.37, 0, 0, 180],
		[418, "PAD84_40", 1043.27, 741.53, "T", "SMD", "GND", "GND", "R", 78.74, 39.37, 0, 0, 180],
		[419, "PAD85_10", 1139.22, 1084.68, "T", "SMD", "3V3", "", "R", 11.811, 19.685, 0, 0, 270],
		[420, "PAD86_9", 1139.22, 1065, "T", "SMD", "GND", "GND", "R", 11.811, 19.685, 0, 0, 270],
		[421, "PAD87_8", 1139.22, 1045.31, "T", "SMD", "GND", "GND", "R", 11.811, 19.685, 0, 0, 270],
		[422, "PAD88_7", 1114.84, 1030.7, "T", "SMD", "$1N14594", "", "R", 11.811, 19.685, 0, 0, 180],
		[423, "PAD89_6", 1095.16, 1030.7, "T", "SMD", "$1N73", "", "R", 11.811, 19.685, 0, 0, 180],
		[424, "PAD90_5", 1070.78, 1045.31, "T", "SMD", "GND", "GND", "R", 11.811, 19.685, 0, 0, 90],
		[425, "PAD91_4", 1070.78, 1065, "T", "SMD", "GPIO8_SDA", "", "R", 11.811, 19.685, 0, 0, 90],
		[426, "PAD92_3", 1070.78, 1084.68, "T", "SMD", "GND", "GND", "R", 11.811, 19.685, 0, 0, 270],
		[427, "PAD93_2", 1095.16, 1099.3, "T", "SMD", "GPIO9_SCL", "", "R", 11.811, 19.685, 0, 0, 0],
		[428, "PAD94_1", 1114.84, 1099.3, "T", "SMD", "3V3", "", "R", 11.811, 19.685, 0, 0, 0],
		[429, "PAD95_1", 654.21, 486.26, "B", "SMD", "GND", "GND", "R", 11.811, 35.433, 0, 0, 0],
		[430, "PAD96_8", 526.26, 535.47, "B", "SMD", "3V3", "", "R", 11.811, 35.433, 0, 0, 90],
		[431, "PAD97_9", 526.26, 555.16, "B", "SMD", "GND", "GND", "R", 11.811, 35.433, 0, 0, 90],
		[432, "PAD98_10", 526.26, 574.84, "B", "SMD", "$1N80", "", "R", 11.811, 35.433, 0, 0, 90],
		[433, "PAD99_11", 526.26, 594.53, "B", "SMD", "GND", "GND", "R", 11.811, 35.433, 0, 0, 90],
		[434, "PAD100_12", 526.26, 614.21, "B", "SMD", "$1N23852", "", "R", 11.811, 35.433, 0, 0, 90],
		[435, "PAD101_13", 555.79, 643.74, "B", "SMD", "3V3", "", "R", 11.811, 35.433, 0, 0, 0],
		[436, "PAD102_18", 654.21, 643.74, "B", "SMD", "GND", "GND", "R", 11.811, 35.433, 0, 0, 0],
		[437, "PAD103_20", 683.74, 594.53, "B", "SMD", "$1N78", "", "R", 11.811, 35.433, 0, 0, 90],
		[438, "PAD104_23", 683.74, 535.47, "B", "SMD", "GPIO9_SCL", "", "R", 11.811, 35.433, 0, 0, 90],
		[439, "PAD105_24", 683.74, 515.79, "B", "SMD", "GPIO8_SDA", "", "R", 11.811, 35.433, 0, 0, 90],
		[440, "PAD106_2", 910, 671.69, "B", "SMD", "GND", "GND", "R", 23.622, 39.37, 0, 0, 180],
		[441, "PAD107_3", 872.6, 671.69, "B", "SMD", "BAT", "", "R", 23.622, 39.37, 0, 0, 180],
		[442, "PAD108_1", 947.4, 671.69, "B", "SMD", "BAT", "", "R", 23.622, 39.37, 0, 0, 180],
		[443, "PAD109_5", 947.4, 758.31, "B", "SMD", "3V3", "", "R", 23.622, 39.37, 0, 0, 180],
		[444, "PAD110_1", 507.52, 1179.37, "B", "SMD", "GND", "GND", "R", 11.811, 51.181, 0, 0, 270],
		[445, "PAD111_2", 507.52, 1159.69, "B", "SMD", "GND", "GND", "R", 11.811, 51.181, 0, 0, 270],
		[446, "PAD112_4", 507.52, 1120.32, "B", "SMD", "GPIO8_SDA", "", "R", 11.811, 51.181, 0, 0, 270],
		[447, "PAD113_5", 507.52, 1100.63, "B", "SMD", "GPIO9_SCL", "", "R", 11.811, 51.181, 0, 0, 270],
		[448, "PAD114_6", 322.48, 1100.64, "B", "SMD", "3V3", "", "R", 11.811, 51.181, 0, 0, 270],
		[449, "PAD115_7", 322.48, 1120.32, "B", "SMD", "GND", "GND", "R", 11.811, 51.181, 0, 0, 270],
		[450, "PAD116_8", 322.48, 1140, "B", "SMD", "$1N23899", "", "R", 11.811, 51.181, 0, 0, 270],
		[451, "PAD117_9", 322.48, 1159.69, "B", "SMD", "$1N83", "", "R", 11.811, 51.181, 0, 0, 270],
		[452, "PAD118_10", 322.48, 1179.38, "B", "SMD", "BAT", "", "R", 11.811, 51.181, 0, 0, 270],
		[453, "PAD119_2", 438.3, 670.002, "B", "SMD", "$1N6278", "", "R", 23.62, 25.59, 0, 0, 180],
		[454, "PAD120_1", 471.7, 670.002, "B", "SMD", "BATVOLTAGE", "", "R", 23.62, 25.59, 0, 0, 180],
		[455, "PAD121_2", 985.63, 125, "B", "SMD", "3V3", "", "R", 55.512, 53.15, 0, 0, 180],
		[456, "PAD122_1", 1064.37, 125, "B", "SMD", "GND", "GND", "R", 55.512, 53.15, 0, 0, 180],
		[457, "PAD123_2", -54.37, 1143, "T", "SMD", "GND", "GND", "R", 55.512, 53.15, 0, 0, 180],
		[458, "PAD124_1", 24.37, 1143, "T", "SMD", "GPIO0", "", "R", 55.512, 53.15, 0, 0, 180],
		[459, "PAD125_2", 680.63, -60, "B", "SMD", "GND", "GND", "R", 55.512, 53.15, 0, 0, 180],
		[460, "PAD126_1", 759.37, -60, "B", "SMD", "USB_5V", "", "R", 55.512, 53.15, 0, 0, 180],
		[461, "PAD127_2", 1064.37, 415, "B", "SMD", "GND", "GND", "R", 55.512, 53.15, 0, 0, 0],
		[462, "PAD128_1", 985.63, 415, "B", "SMD", "CHIP_PU", "", "R", 55.512, 53.15, 0, 0, 0],
		[463, "PAD129_2", -54.37, 1257, "T", "SMD", "GND", "GND", "R", 55.512, 53.15, 0, 0, 180],
		[464, "PAD130_1", 24.37, 1257, "T", "SMD", "CHIP_PU", "", "R", 55.512, 53.15, 0, 0, 180],
		[465, "PAD131_2", 985.63, 220, "B", "SMD", "3V3", "", "R", 55.512, 53.15, 0, 0, 180],
		[466, "PAD132_1", 1064.37, 220, "B", "SMD", "GND", "GND", "R", 55.512, 53.15, 0, 0, 180],
		[467, "PAD133_2", 985.63, 315, "B", "SMD", "3V3", "", "R", 55.512, 53.15, 0, 0, 180],
		[468, "PAD134_1", 1064.37, 315, "B", "SMD", "GND", "GND", "R", 55.512, 53.15, 0, 0, 180],
		[469, "PAD135_2", 769.37, 745, "B", "SMD", "GND", "GND", "R", 55.512, 53.15, 0, 0, 0],
		[470, "PAD136_1", 690.63, 745, "B", "SMD", "3V3", "", "R", 55.512, 53.15, 0, 0, 0],
		[471, "PAD137_2", 985.63, 35, "B", "SMD", "3V3", "", "R", 55.512, 53.15, 0, 0, 180],
		[472, "PAD138_1", 1064.37, 35, "B", "SMD", "GND", "GND", "R", 55.512, 53.15, 0, 0, 180],
		[473, "PAD139_2", 724.13, -199.055, "T", "SMD", "GND", "GND", "R", 39.37, 33.465, 0, 0, 270],
		[474, "PAD140_4", 615.87, -199.055, "T", "SMD", "CHIP_PU", "", "R", 39.37, 33.465, 0, 0, 270],
		[475, "PAD141_1", 724.13, -80.945, "T", "SMD", "GND", "GND", "R", 39.37, 33.465, 0, 0, 270],
		[476, "PAD142_3", 615.87, -80.945, "T", "SMD", "CHIP_PU", "", "R", 39.37, 33.465, 0, 0, 270],
		[477, "PAD143_2", 790.87, -80.945, "T", "SMD", "GND", "GND", "R", 39.37, 33.465, 0, 0, 90],
		[478, "PAD144_4", 899.13, -80.945, "T", "SMD", "GPIO0", "", "R", 39.37, 33.465, 0, 0, 90],
		[479, "PAD145_1", 790.87, -199.055, "T", "SMD", "GND", "GND", "R", 39.37, 33.465, 0, 0, 90],
		[480, "PAD146_3", 899.13, -199.055, "T", "SMD", "GPIO0", "", "R", 39.37, 33.465, 0, 0, 90],
		[481, "PAD147_1", 1110, 870.63, "T", "SMD", "GND", "GND", "R", 39.37, 61.024, 0, 0, 90],
		[482, "PAD148_2", 1110, 949.37, "T", "SMD", "3V3", "", "R", 39.37, 61.024, 0, 0, 90],
		[483, "PAD149_1", 1110, 870.63, "B", "SMD", "GND", "GND", "R", 39.37, 61.024, 0, 0, 90],
		[484, "PAD150_2", 1110, 949.37, "B", "SMD", "3V3", "", "R", 39.37, 61.024, 0, 0, 90],
		[485, "PAD151_2", -54.37, 1029, "T", "SMD", "$1N63", "", "R", 55.512, 53.15, 0, 0, 180],
		[486, "PAD152_1", 24.37, 1029, "T", "SMD", "$1N6278", "", "R", 55.512, 53.15, 0, 0, 180],
		[487, "PAD153_2", 375, 490.63, "B", "SMD", "3V3", "", "R", 55.512, 53.15, 0, 0, 270],
		[488, "PAD154_1", 375, 569.37, "B", "SMD", "GND", "GND", "R", 55.512, 53.15, 0, 0, 270],
		[489, "PAD155_2", 500.63, 400, "B", "SMD", "GND", "GND", "R", 55.512, 53.15, 0, 0, 180],
		[490, "PAD156_1", 579.37, 400, "B", "SMD", "$1N78", "", "R", 55.512, 53.15, 0, 0, 180],
		[491, "PAD157_2", 795, 530.63, "B", "SMD", "GND", "GND", "R", 55.512, 53.15, 0, 0, 270],
		[492, "PAD158_2", 580, 1189.37, "B", "SMD", "GND", "GND", "R", 55.512, 53.15, 0, 0, 90],
		[493, "PAD159_1", 580, 1110.63, "B", "SMD", "3V3", "", "R", 55.512, 53.15, 0, 0, 90],
		[494, "PAD160_2", 680.63, -170, "B", "SMD", "GND", "GND", "R", 55.512, 53.15, 0, 0, 180],
		[495, "PAD161_1", 759.37, -170, "B", "SMD", "BAT", "", "R", 55.512, 53.15, 0, 0, 180],
		[496, "PAD162_2", 24.37, 1371, "T", "SMD", "3V3", "", "R", 55.512, 53.15, 0, 0, 0],
		[497, "PAD163_1", -54.37, 1371, "T", "SMD", "GND", "GND", "R", 55.512, 53.15, 0, 0, 0],
		[498, "PAD164_2", 24.37, 1485, "T", "SMD", "3V3", "", "R", 55.512, 53.15, 0, 0, 0],
		[499, "PAD165_1", -54.37, 1485, "T", "SMD", "GND", "GND", "R", 55.512, 53.15, 0, 0, 0],
		[500, "PAD166_2", 438.3, 725.002, "B", "SMD", "INTGYRO", "", "R", 23.62, 25.59, 0, 0, 180],
		[501, "PAD167_1", 471.7, 725.002, "B", "SMD", "$1N23852", "", "R", 23.62, 25.59, 0, 0, 180],
		[502, "PAD168_2", 533.3, 725.002, "B", "SMD", "INTBAR", "", "R", 23.62, 25.59, 0, 0, 180],
		[503, "PAD169_1", 566.7, 725.002, "B", "SMD", "$1N14594", "", "R", 23.62, 25.59, 0, 0, 180],
		[504, "PAD170_OUT", 3122, 1090, "T", "DIP", "PUFF", "", "C", 27.5591, 27.5591, 19.685, 19.685, 0],
		[505, "PAD170_OUT", 3122, 1090, "B", "DIP", "PUFF", "", "C", 27.5591, 27.5591, 19.685, 19.685, 0],
		[506, "PAD171_GND", 3175, 1090, "T", "DIP", "GND", "GND", "C", 27.5591, 27.5591, 19.685, 19.685, 0],
		[507, "PAD171_GND", 3175, 1090, "B", "DIP", "GND", "GND", "C", 27.5591, 27.5591, 19.685, 19.685, 0],
		[508, "PAD172_VCC", 3228, 1090, "T", "DIP", "3V3", "", "C", 27.5591, 27.5591, 19.685, 19.685, 0],
		[509, "PAD172_VCC", 3228, 1090, "B", "DIP", "3V3", "", "C", 27.5591, 27.5591, 19.685, 19.685, 0],
		[510, "PAD173_2", 900, 1364.37, "T", "SMD", "3V3", "", "R", 44.588, 54.213, 0, 0, 90],
		[511, "PAD174_1", 900, 1285.63, "T", "SMD", "NET_2", "", "R", 44.588, 54.213, 0, 0, 90],
		[512, "PAD175_2", 900, 1539.37, "T", "SMD", "GND", "GND", "R", 55.512, 53.15, 0, 0, 90],
		[513, "PAD176_1", 900, 1460.63, "T", "SMD", "SDVCC", "", "R", 55.512, 53.15, 0, 0, 90],
		[514, "PAD177_2", 745, 1194.28, "B", "SMD", "BAT", "", "R", 50.493, 136.063, 0, 0, 270],
		[515, "PAD178_1", 745, 1435.72, "B", "SMD", "$1N83", "", "R", 50.493, 136.063, 0, 0, 270],
		[516, "PAD179_2", 433.975, 1332.33, "T", "SMD", "NET_2", "", "R", 31.496, 59.055, 0, 0, 270],
		[517, "PAD180_3", 433.975, 1375.63, "T", "SMD", "NET_4", "", "R", 31.496, 59.055, 0, 0, 270],
		[518, "PAD181_4", 433.975, 1418.94, "T", "SMD", "SDVCC", "", "R", 31.496, 59.055, 0, 0, 270],
		[519, "PAD182_5", 433.975, 1462.25, "T", "SMD", "GPIO12_SCK", "", "R", 31.496, 59.055, 0, 0, 270],
		[520, "PAD183_6", 433.975, 1505.56, "T", "SMD", "GND", "GND", "R", 31.496, 59.055, 0, 0, 270],
		[521, "PAD184_7", 433.975, 1548.86, "T", "SMD", "NET_5", "", "R", 31.496, 59.055, 0, 0, 270],
		[522, "PAD185_9", 658.385, 1685.67, "T", "SMD", "GND", "GND", "R", 57.087, 78.74, 0, 0, 270],
		[523, "PAD186_10", 331.615, 1685.67, "T", "SMD", "GND", "GND", "R", 57.087, 78.74, 0, 0, 270],
		[524, "PAD187_11", 331.615, 1144.34, "T", "SMD", "GND", "GND", "R", 57.087, 78.74, 0, 0, 270],
		[525, "PAD188_12", 658.385, 1144.33, "T", "SMD", "GND", "GND", "R", 57.087, 78.74, 0, 0, 270],
		[526, "PAD189_2", 347.284, 725.8854, "B", "SMD", "BATVOLTAGE", "", "R", 23.62, 25.59, 0, 0, 180],
		[527, "PAD190_1", 380.684, 725.8854, "B", "SMD", "$1N23899", "", "R", 23.62, 25.59, 0, 0, 180],
		[528, "PAD191_3", 1090.75, 1435, "T", "SMD", "SDVCC", "", "R", 42.126, 23.622, 0, 0, 180],
		[529, "PAD192_2", 1009.25, 1397.6, "T", "SMD", "3V3", "", "R", 42.126, 23.622, 0, 0, 180],
		[530, "PAD193_1", 1009.25, 1472.4, "T", "SMD", "SDGATE", "", "R", 42.126, 23.622, 0, 0, 180],
		[531, "PAD194_2", 1095, 1170.63, "T", "SMD", "3V3", "", "R", 44.588, 54.213, 0, 0, 270],
		[532, "PAD195_1", 1095, 1249.37, "T", "SMD", "SDGATE", "", "R", 44.588, 54.213, 0, 0, 270],
		[533, "PAD196_2", 348.3, 670.002, "B", "SMD", "SDVCC", "", "R", 23.62, 25.59, 0, 0, 180],
		[534, "PAD197_1", 381.7, 670.002, "B", "SMD", "SDGATE", "", "R", 23.62, 25.59, 0, 0, 180],
		[535, "PAD198_1", 360, -160, "T", "DIP", "GND", "GND", "R", 39.3701, 39.3701, 27.5591, 27.5591, 0],
		[536, "PAD198_1", 360, -160, "B", "DIP", "GND", "GND", "R", 39.3701, 39.3701, 27.5591, 27.5591, 0],
		[537, "PAD199_2", 415, -160, "T", "DIP", "GPIO10_CS", "", "C", 39.3701, 39.3701, 27.5591, 27.5591, 0],
		[538, "PAD199_2", 415, -160, "B", "DIP", "GPIO10_CS", "", "C", 39.3701, 39.3701, 27.5591, 27.5591, 0],
		[539, "PAD200_3", 470, -160, "T", "DIP", "3V3", "", "C", 39.3701, 39.3701, 27.5591, 27.5591, 0],
		[540, "PAD200_3", 470, -160, "B", "DIP", "3V3", "", "C", 39.3701, 39.3701, 27.5591, 27.5591, 0],
		[541, "PAD201_4", 525, -160, "T", "DIP", "NET_4", "", "C", 39.3701, 39.3701, 27.5591, 27.5591, 0],
		[542, "PAD201_4", 525, -160, "B", "DIP", "NET_4", "", "C", 39.3701, 39.3701, 27.5591, 27.5591, 0],
		[543, "PAD202_5", 525, -95, "T", "DIP", "RST", "", "C", 39.3701, 39.3701, 27.5591, 27.5591, 0],
		[544, "PAD202_5", 525, -95, "B", "DIP", "RST", "", "C", 39.3701, 39.3701, 27.5591, 27.5591, 0],
		[545, "PAD203_6", 470, -95, "T", "DIP", "GPIO12_SCK", "", "C", 39.3701, 39.3701, 27.5591, 27.5591, 0],
		[546, "PAD203_6", 470, -95, "B", "DIP", "GPIO12_SCK", "", "C", 39.3701, 39.3701, 27.5591, 27.5591, 0],
		[547, "PAD204_7", 415, -95, "T", "DIP", "DC", "", "C", 39.3701, 39.3701, 27.5591, 27.5591, 0],
		[548, "PAD204_7", 415, -95, "B", "DIP", "DC", "", "C", 39.3701, 39.3701, 27.5591, 27.5591, 0],
		[549, "PAD205_8", 360, -95, "T", "DIP", "BUSY", "", "C", 39.3701, 39.3701, 27.5591, 27.5591, 0],
		[550, "PAD205_8", 360, -95, "B", "DIP", "BUSY", "", "C", 39.3701, 39.3701, 27.5591, 27.5591, 0],
		[551, "PAD206_2", 1574.37, 825, "T", "SMD", "BUTTONOUT", "", "R", 44.588, 54.213, 0, 0, 0],
		[552, "PAD207_1", 1495.63, 825, "T", "SMD", "$1N25770", "", "R", 44.588, 54.213, 0, 0, 0],
		[553, "PAD208_2", 1574.37, 945, "T", "SMD", "BUTTONOUT", "", "R", 44.588, 54.213, 0, 0, 0],
		[554, "PAD209_1", 1495.63, 945, "T", "SMD", "$1N25760", "", "R", 44.588, 54.213, 0, 0, 0],
		[555, "PAD210_2", 1574.37, 1070, "T", "SMD", "BUTTONOUT", "", "R", 44.588, 54.213, 0, 0, 0],
		[556, "PAD211_1", 1495.63, 1070, "T", "SMD", "$1N25750", "", "R", 44.588, 54.213, 0, 0, 0],
		[557, "PAD212_2", 1495.63, 700, "T", "SMD", "3V3_BUT", "", "R", 44.588, 54.213, 0, 0, 180],
		[558, "PAD213_1", 1574.37, 700, "T", "SMD", "BUTTONOUT", "", "R", 44.588, 54.213, 0, 0, 180],
		[559, "PAD214_2", 1480.945, 1414.13, "B", "SMD", "GND_BUT", "", "R", 39.37, 33.465, 0, 0, 180],
		[560, "PAD215_4", 1480.945, 1305.87, "B", "SMD", "$1N25750", "", "R", 39.37, 33.465, 0, 0, 180],
		[561, "PAD216_1", 1599.055, 1414.13, "B", "SMD", "GND_BUT", "", "R", 39.37, 33.465, 0, 0, 180],
		[562, "PAD217_3", 1599.055, 1305.87, "B", "SMD", "$1N25750", "", "R", 39.37, 33.465, 0, 0, 180],
		[563, "PAD218_2", 1480.5511, 1109.13, "B", "SMD", "GND_BUT", "", "R", 39.37, 33.465, 0, 0, 180],
		[564, "PAD219_4", 1480.5511, 1000.87, "B", "SMD", "$1N25760", "", "R", 39.37, 33.465, 0, 0, 180],
		[565, "PAD220_1", 1598.6611, 1109.13, "B", "SMD", "GND_BUT", "", "R", 39.37, 33.465, 0, 0, 180],
		[566, "PAD221_3", 1598.6611, 1000.87, "B", "SMD", "$1N25760", "", "R", 39.37, 33.465, 0, 0, 180],
		[567, "PAD222_2", 1480.5511, 804.13, "B", "SMD", "GND_BUT", "", "R", 39.37, 33.465, 0, 0, 180],
		[568, "PAD223_4", 1480.5511, 695.87, "B", "SMD", "$1N25770", "", "R", 39.37, 33.465, 0, 0, 180],
		[569, "PAD224_1", 1598.6611, 804.13, "B", "SMD", "GND_BUT", "", "R", 39.37, 33.465, 0, 0, 180],
		[570, "PAD225_3", 1598.6611, 695.87, "B", "SMD", "$1N25770", "", "R", 39.37, 33.465, 0, 0, 180],
		[571, "PAD226_2", 1480.945, 499.13, "B", "SMD", "GND_BUT", "", "R", 39.37, 33.465, 0, 0, 180],
		[572, "PAD227_4", 1480.945, 390.87, "B", "SMD", "BUTTONOUT", "", "R", 39.37, 33.465, 0, 0, 180],
		[573, "PAD228_1", 1599.055, 499.13, "B", "SMD", "GND_BUT", "", "R", 39.37, 33.465, 0, 0, 180],
		[574, "PAD229_3", 1599.055, 390.87, "B", "SMD", "BUTTONOUT", "", "R", 39.37, 33.465, 0, 0, 180],
		[575, "PAD230_2", 24.37, 915, "T", "SMD", "GND", "GND", "R", 55.512, 53.15, 0, 0, 0],
		[576, "PAD231_1", -54.37, 915, "T", "SMD", "GPIO0", "", "R", 55.512, 53.15, 0, 0, 0],
		[577, "PAD232_1", 907.6, 1484.37, "B", "SMD", "$1N60", "", "R", 49.213, 27.559, 0, 0, 90],
		[578, "PAD233_2", 982.4, 1484.37, "B", "SMD", "GND", "GND", "R", 49.213, 27.559, 0, 0, 90],
		[579, "PAD234_3", 945, 1405.63, "B", "SMD", "DRAIN", "", "R", 49.213, 27.559, 0, 0, 90],
		[580, "PAD235_1", 1042.6, 1484.37, "B", "SMD", "$1N60", "", "R", 49.213, 27.559, 0, 0, 90],
		[581, "PAD236_2", 1117.4, 1484.37, "B", "SMD", "GND", "GND", "R", 49.213, 27.559, 0, 0, 90],
		[582, "PAD237_3", 1080, 1405.63, "B", "SMD", "DRAIN", "", "R", 49.213, 27.559, 0, 0, 90],
		[583, "PAD238_2", 29.677, 513.9724, "T", "SMD", "GPIO0", "", "R", 44.588, 54.213, 0, 0, 0],
		[584, "PAD239_1", -49.063, 513.9724, "T", "SMD", "3V3", "", "R", 44.588, 54.213, 0, 0, 0],
		[585, "PAD240_2", 182.7638, -106.9764, "T", "DIP", "USBD-", "", "C", 39.3701, 39.3701, 27.5591, 27.5591, 0],
		[586, "PAD240_2", 182.7638, -106.9764, "B", "DIP", "USBD-", "", "C", 39.3701, 39.3701, 27.5591, 27.5591, 0],
		[587, "PAD241_3", 237.7638, -106.9764, "T", "DIP", "USBD+", "", "C", 39.3701, 39.3701, 27.5591, 27.5591, 0],
		[588, "PAD241_3", 237.7638, -106.9764, "B", "DIP", "USBD+", "", "C", 39.3701, 39.3701, 27.5591, 27.5591, 0],
		[589, "PAD242_4", 292.7638, -106.9764, "T", "DIP", "USB_5V", "", "C", 39.3701, 39.3701, 27.5591, 27.5591, 0],
		[590, "PAD242_4", 292.7638, -106.9764, "B", "DIP", "USB_5V", "", "C", 39.3701, 39.3701, 27.5591, 27.5591, 0],
		[591, "PAD243_1", 127.7638, -106.9764, "T", "DIP", "GND", "GND", "R", 39.3701, 39.3701, 27.5591, 27.5591, 0],
		[592, "PAD243_1", 127.7638, -106.9764, "B", "DIP", "GND", "GND", "R", 39.3701, 39.3701, 27.5591, 27.5591, 0],
		[593, "PAD244_1", 120, 45, "T", "DIP", "GPIO48", "", "C", 27.5591, 27.5591, 11.811, 11.811, 0],
		[594, "PAD244_1", 120, 45, "B", "DIP", "GPIO48", "", "C", 27.5591, 27.5591, 11.811, 11.811, 0],
		[595, "PAD245_2", 120, 94.1379, "T", "DIP", "PUFF", "", "C", 27.5591, 27.5591, 11.811, 11.811, 0],
		[596, "PAD245_2", 120, 94.1379, "B", "DIP", "PUFF", "", "C", 27.5591, 27.5591, 11.811, 11.811, 0],
		[597, "PAD246_3", 120, 143.2759, "T", "DIP", "GND", "GND", "C", 27.5591, 27.5591, 11.811, 11.811, 0],
		[598, "PAD246_3", 120, 143.2759, "B", "DIP", "GND", "GND", "C", 27.5591, 27.5591, 11.811, 11.811, 0],
		[599, "PAD247_4", 120, 192.4138, "T", "DIP", "3V3", "", "C", 27.5591, 27.5591, 11.811, 11.811, 0],
		[600, "PAD247_4", 120, 192.4138, "B", "DIP", "3V3", "", "C", 27.5591, 27.5591, 11.811, 11.811, 0],
		[601, "PAD248_5", 120, 241.5517, "T", "DIP", "BAT", "", "C", 27.5591, 27.5591, 11.811, 11.811, 0],
		[602, "PAD248_5", 120, 241.5517, "B", "DIP", "BAT", "", "C", 27.5591, 27.5591, 11.811, 11.811, 0],
		[603, "PAD249_6", 120, 290.6897, "T", "DIP", "BUTTONS", "", "C", 27.5591, 27.5591, 11.811, 11.811, 0],
		[604, "PAD249_6", 120, 290.6897, "B", "DIP", "BUTTONS", "", "C", 27.5591, 27.5591, 11.811, 11.811, 0],
		[605, "PAD250_7", 120, 339.8276, "T", "DIP", "GPIO38", "", "C", 27.5591, 27.5591, 11.811, 11.811, 0],
		[606, "PAD250_7", 120, 339.8276, "B", "DIP", "GPIO38", "", "C", 27.5591, 27.5591, 11.811, 11.811, 0],
		[607, "PAD251_8", 120, 388.9655, "T", "DIP", "GPIO39", "", "C", 27.5591, 27.5591, 11.811, 11.811, 0],
		[608, "PAD251_8", 120, 388.9655, "B", "DIP", "GPIO39", "", "C", 27.5591, 27.5591, 11.811, 11.811, 0],
		[609, "PAD252_9", 120, 438.1034, "T", "DIP", "GPIO40", "", "C", 27.5591, 27.5591, 11.811, 11.811, 0],
		[610, "PAD252_9", 120, 438.1034, "B", "DIP", "GPIO40", "", "C", 27.5591, 27.5591, 11.811, 11.811, 0],
		[611, "PAD253_10", 120, 487.2414, "T", "DIP", "GPIO41", "", "C", 27.5591, 27.5591, 11.811, 11.811, 0],
		[612, "PAD253_10", 120, 487.2414, "B", "DIP", "GPIO41", "", "C", 27.5591, 27.5591, 11.811, 11.811, 0],
		[613, "PAD254_11", 120, 536.3793, "T", "DIP", "GPIO42", "", "C", 27.5591, 27.5591, 11.811, 11.811, 0],
		[614, "PAD254_11", 120, 536.3793, "B", "DIP", "GPIO42", "", "C", 27.5591, 27.5591, 11.811, 11.811, 0],
		[615, "PAD255_12", 120, 585.5172, "T", "DIP", "U0RXD", "", "C", 27.5591, 27.5591, 11.811, 11.811, 0],
		[616, "PAD255_12", 120, 585.5172, "B", "DIP", "U0RXD", "", "C", 27.5591, 27.5591, 11.811, 11.811, 0],
		[617, "PAD256_13", 120, 634.6552, "T", "DIP", "U0TXD", "", "C", 27.5591, 27.5591, 11.811, 11.811, 0],
		[618, "PAD256_13", 120, 634.6552, "B", "DIP", "U0TXD", "", "C", 27.5591, 27.5591, 11.811, 11.811, 0],
		[619, "PAD257_14", 120, 683.7931, "T", "DIP", "SDGATE", "", "C", 27.5591, 27.5591, 11.811, 11.811, 0],
		[620, "PAD257_14", 120, 683.7931, "B", "DIP", "SDGATE", "", "C", 27.5591, 27.5591, 11.811, 11.811, 0],
		[621, "PAD258_15", 120, 732.931, "T", "DIP", "GPIO8_SDA", "", "C", 27.5591, 27.5591, 11.811, 11.811, 0],
		[622, "PAD258_15", 120, 732.931, "B", "DIP", "GPIO8_SDA", "", "C", 27.5591, 27.5591, 11.811, 11.811, 0],
		[623, "PAD259_16", 120, 782.069, "T", "DIP", "GPIO9_SCL", "", "C", 27.5591, 27.5591, 11.811, 11.811, 0],
		[624, "PAD259_16", 120, 782.069, "B", "DIP", "GPIO9_SCL", "", "C", 27.5591, 27.5591, 11.811, 11.811, 0],
		[625, "PAD260_17", 120, 831.2069, "T", "DIP", "GATE", "", "C", 27.5591, 27.5591, 11.811, 11.811, 0],
		[626, "PAD260_17", 120, 831.2069, "B", "DIP", "GATE", "", "C", 27.5591, 27.5591, 11.811, 11.811, 0],
		[627, "PAD261_18", 120, 880.3448, "T", "DIP", "GPIO5", "", "C", 27.5591, 27.5591, 11.811, 11.811, 0],
		[628, "PAD261_18", 120, 880.3448, "B", "DIP", "GPIO5", "", "C", 27.5591, 27.5591, 11.811, 11.811, 0],
		[629, "PAD262_19", 120, 929.4828, "T", "DIP", "INTGYRO", "", "C", 27.5591, 27.5591, 11.811, 11.811, 0],
		[630, "PAD262_19", 120, 929.4828, "B", "DIP", "INTGYRO", "", "C", 27.5591, 27.5591, 11.811, 11.811, 0],
		[631, "PAD263_21", 120, 1027.7586, "T", "DIP", "INTBAR", "", "C", 27.5591, 27.5591, 11.811, 11.811, 0],
		[632, "PAD263_21", 120, 1027.7586, "B", "DIP", "INTBAR", "", "C", 27.5591, 27.5591, 11.811, 11.811, 0],
		[633, "PAD264_22", 120, 1076.8966, "T", "DIP", "NET_4", "", "C", 27.5591, 27.5591, 11.811, 11.811, 0],
		[634, "PAD264_22", 120, 1076.8966, "B", "DIP", "NET_4", "", "C", 27.5591, 27.5591, 11.811, 11.811, 0],
		[635, "PAD265_23", 120, 1126.0345, "T", "DIP", "GPIO12_SCK", "", "C", 27.5591, 27.5591, 11.811, 11.811, 0],
		[636, "PAD265_23", 120, 1126.0345, "B", "DIP", "GPIO12_SCK", "", "C", 27.5591, 27.5591, 11.811, 11.811, 0],
		[637, "PAD266_24", 120, 1175.1724, "T", "DIP", "NET_5", "", "C", 27.5591, 27.5591, 11.811, 11.811, 0],
		[638, "PAD266_24", 120, 1175.1724, "B", "DIP", "NET_5", "", "C", 27.5591, 27.5591, 11.811, 11.811, 0],
		[639, "PAD267_25", 120, 1224.3103, "T", "DIP", "USBD-", "", "C", 27.5591, 27.5591, 11.811, 11.811, 0],
		[640, "PAD267_25", 120, 1224.3103, "B", "DIP", "USBD-", "", "C", 27.5591, 27.5591, 11.811, 11.811, 0],
		[641, "PAD268_26", 120, 1273.4483, "T", "DIP", "USBD+", "", "C", 27.5591, 27.5591, 11.811, 11.811, 0],
		[642, "PAD268_26", 120, 1273.4483, "B", "DIP", "USBD+", "", "C", 27.5591, 27.5591, 11.811, 11.811, 0],
		[643, "PAD269_27", 120, 1322.5862, "T", "DIP", "3V3", "", "C", 27.5591, 27.5591, 11.811, 11.811, 0],
		[644, "PAD269_27", 120, 1322.5862, "B", "DIP", "3V3", "", "C", 27.5591, 27.5591, 11.811, 11.811, 0],
		[645, "PAD270_28", 120, 1371.7241, "T", "DIP", "3V3", "", "C", 27.5591, 27.5591, 11.811, 11.811, 0],
		[646, "PAD270_28", 120, 1371.7241, "B", "DIP", "3V3", "", "C", 27.5591, 27.5591, 11.811, 11.811, 0],
		[647, "PAD271_29", 120, 1420.8621, "T", "DIP", "GND", "GND", "C", 27.5591, 27.5591, 11.811, 11.811, 0],
		[648, "PAD271_29", 120, 1420.8621, "B", "DIP", "GND", "GND", "C", 27.5591, 27.5591, 11.811, 11.811, 0],
		[649, "PAD272_30", 120, 1470, "T", "DIP", "GND", "GND", "C", 27.5591, 27.5591, 11.811, 11.811, 0],
		[650, "PAD272_30", 120, 1470, "B", "DIP", "GND", "GND", "C", 27.5591, 27.5591, 11.811, 11.811, 0],
		[651, "TPJLC_TP3", 1465, 230, "T", "TP", "GND_BUT", "", "C", 24, 24, 0, 0, 0],
		[652, "TPJLC_TP4", 1614.0311, 225, "T", "TP", "3V3_BUT", "", "C", 24, 24, 0, 0, 0],
		[653, "TPJLC_TP5", 900, 1085, "T", "TP", "GND", "GND", "C", 24, 24, 0, 0, 0],
		[654, "TPJLC_TP6", 981.924, 1085, "T", "TP", "3V3", "", "C", 24, 24, 0, 0, 0],
		[655, "TPJLC_TP4", 1575, 250, "T", "TP", "BUTTONOUT", "", "C", 24, 24, 0, 0, 0],
		[656, "TPJLC_TP6", 830, 1075, "T", "TP", "BAT", "", "C", 24, 24, 0, 0, 0]
	]
}
}